cluster,Source,x,y
1,pro,17.927465,1.6864256
1,pro,17.914707,1.2082793
1,pro,17.671747,1.6413405
0,pro,17.807802,0.49518055
1,pro,18.021164,1.8063287
0,pro,18.20076,0.57488745
3,pro,14.327076,1.2930955
2,pro,16.486885,1.4839416
3,pro,13.933287,0.6800644
3,pro,14.927664,1.8817483
2,pro,17.12336,1.5000426
3,pro,15.248869,2.0332286
3,pro,15.0020275,0.7995698
1,pro,17.400831,1.2971877
3,pro,14.796485,2.152381
3,pro,13.984946,0.60825646
3,pro,13.859424,0.6555299
2,pro,16.683317,0.94300514
2,pro,16.525793,2.4686046
0,pro,17.62745,0.52405834
0,pro,17.454062,0.52783865
1,pro,17.599737,1.3789457
1,pro,17.425625,1.3489408
2,pro,17.157495,1.6652578
0,pro,17.9501,0.4369245
0,pro,17.201767,0.45136157
1,pro,18.049261,1.8802576
3,pro,14.101434,0.5852517
2,pro,16.386805,1.6132107
2,pro,16.458847,1.7063761
0,pro,17.946753,1.1255183
2,pro,16.29082,0.6917972
1,pro,17.803999,2.392182
3,pro,15.318527,1.0283908
1,pro,17.694712,1.6184337
0,pro,18.03578,0.55946594
1,pro,18.137388,2.242101
1,pro,17.523294,1.7866313
1,pro,18.153215,2.2081664
2,pro,16.615267,1.2943231
3,pro,14.419242,1.6505424
1,pro,18.23956,1.6752336
3,pro,14.711919,0.4654868
2,pro,16.37175,2.9283512
3,pro,14.90349,0.9859332
2,pro,16.448277,0.6788348
3,pro,14.637482,2.0107663
0,pro,17.50806,0.22915399
1,pro,18.385305,1.5360031
2,pro,16.991133,1.1530663
3,pro,15.151954,2.159536
1,pro,18.13225,1.9577353
0,pro,17.468847,0.28360754
2,pro,16.345894,2.8934207
3,pro,14.099741,1.4901339
2,pro,17.033669,1.7990625
3,pro,15.141812,1.1762007
3,pro,15.168642,1.5809736
3,pro,15.098375,1.1793386
3,pro,14.666642,0.56385237
3,pro,14.721587,0.67872745
2,pro,16.033222,1.9356003
0,pro,18.057611,0.82018894
3,pro,15.323704,0.7105718
2,pro,16.915852,1.3909261
3,pro,14.331925,1.9114993
2,pro,16.24022,2.4745262
1,pro,17.779062,2.4410717
3,pro,14.792336,1.6903054
2,pro,16.731085,1.5860678
2,pro,16.182146,2.7643301
3,pro,14.388777,2.2795935
3,pro,14.019431,1.3287919
3,pro,14.492197,0.77506083
0,pro,17.54705,0.04552598
3,pro,14.075461,0.88780636
3,pro,14.353289,1.1070447
2,pro,16.459349,2.1248686
2,pro,16.735888,2.34053
1,pro,18.389513,1.2562053
2,pro,15.701964,1.1937523
2,pro,16.046507,0.9349374
3,pro,14.341805,2.272604
3,pro,15.765321,2.4258604
3,pro,13.750665,1.4729524
3,pro,13.805174,0.81218225
0,pro,18.100855,0.04180869
3,pro,13.762059,1.2591691
1,pro,18.71029,1.2417086
3,pro,13.905889,0.38831684
1,pro,18.074121,2.1931899
3,pro,14.455656,0.8221551
3,pro,14.372367,1.7413162
3,pro,14.167767,0.28485227
1,pro,17.391142,2.5382676
3,pro,14.60272,1.9508191
3,pro,14.906963,2.5093591
0,pro,17.656149,0.3899234
0,pro,17.402807,-0.08435492
0,pro,17.346056,-0.09174591
3,pro,14.914194,2.5350032
0,pro,17.234467,0.039725628
3,pro,15.623143,0.77837044
0,pro,16.810623,0.0018464081
3,pro,14.306428,2.4093633
2,pro,16.278864,0.727646
2,pro,16.408792,0.9767683
2,pro,16.444738,2.8665333
3,pro,15.275749,0.89388716
2,pro,16.651869,2.1738594
2,pro,16.008814,2.0295336
3,pro,14.279408,2.0737529
2,pro,15.983878,2.212858
1,pro,17.90924,1.7841258
1,pro,17.939198,1.5739117
3,pro,14.637819,2.2984898
2,pro,16.102962,2.196573
1,pro,18.833035,1.2229673
2,pro,16.072073,1.5143921
0,pro,17.136404,0.24076259
3,pro,15.510545,1.0023438
3,pro,13.737339,1.2992826
1,pro,18.280922,1.1493254
2,pro,16.686897,2.2712767
2,pro,16.459139,0.9026033
0,pro,17.984581,0.11458589
3,pro,14.356028,1.9593561
3,pro,15.963534,2.566834
0,pro,17.83853,-0.121263295
2,pro,16.783602,1.9874436
3,pro,14.352348,1.7093335
2,pro,16.244875,2.8114612
1,pro,17.423498,2.5855787
1,pro,17.584793,1.9647516
2,pro,16.920254,1.3325483
2,pro,16.967045,1.9163796
2,pro,15.976487,2.8775306
2,pro,16.063894,2.8357508
1,pro,17.820494,2.0117881
1,pro,18.462957,1.4381874
1,pro,18.477928,1.4660962
0,pro,17.730452,0.29813287
0,pro,18.132032,0.15048286
0,pro,16.936031,0.18048453
1,pro,18.197248,1.59277
3,pro,14.29627,2.4939387
0,pro,17.827833,0.0759593
2,pro,16.276798,2.5599458
3,pro,15.489231,0.86543494
2,pro,16.12876,2.8530438
3,pro,13.732369,1.7871926
3,pro,13.748197,1.7343179
2,pro,16.57987,2.3053904
3,pro,14.241388,0.35769576
3,pro,13.9340315,0.6510263
1,pro,18.207474,1.2906376
0,pro,17.84647,0.84858865
3,pro,15.827418,0.64653003
3,pro,14.539248,0.7705963
2,pro,15.724701,2.4738288
0,pro,17.914988,-0.24140273
3,pro,13.97916,1.6388156
1,pro,18.806316,1.266388
3,pro,14.208247,0.59619457
1,pro,18.15844,1.1569091
1,pro,17.167446,2.8334942
3,pro,14.168893,0.29163533
0,pro,18.017769,-0.08986683
0,pro,17.776941,-0.0042426893
1,reg,-6.6816964,2.876596
3,reg,-7.9724836,3.7362912
1,reg,-7.0885677,2.9166367
1,reg,-6.9861603,3.0407429
7,reg,-6.8018074,-1.0843325
8,reg,-7.16862,0.5499718
2,reg,-8.34003,0.1870184
2,reg,-8.528557,0.24599448
2,reg,-8.358986,0.13247682
8,reg,-7.395154,-0.51164687
8,reg,-7.2974606,-0.80306065
1,reg,-6.715497,3.263411
1,reg,-7.475747,2.5775478
8,reg,-7.1295295,0.52357155
6,reg,-6.534936,2.4919531
2,reg,-8.408196,0.20980239
8,reg,-7.403576,-1.0273955
6,reg,-9.335153,1.6407683
1,reg,-6.820156,3.4463809
1,reg,-6.8953547,3.8863885
8,reg,-7.7638736,-0.49947274
1,reg,-7.0309196,3.3842943
2,reg,-8.2597065,0.0877867
1,reg,-6.6871576,3.6450362
7,reg,-6.762275,-1.1298501
1,reg,-7.2185283,3.7643185
1,reg,-6.9648466,3.6973953
1,reg,-6.8262086,3.8700776
7,reg,-6.7963104,-0.53316534
8,reg,-7.4417677,-0.97998524
8,reg,-7.267013,-0.83136
7,reg,-6.6536636,-0.15925226
8,reg,-7.50595,0.13724785
7,reg,-6.5548244,-0.32393408
7,reg,-6.6369605,-0.534082
7,reg,-6.7783284,-0.7590255
8,reg,-7.260307,-0.98888165
1,reg,-7.7349453,3.4426517
9,reg,-6.5608735,0.6269762
8,reg,-7.017181,0.25217667
7,reg,-6.541915,-0.4125884
7,reg,-6.6358137,-0.620764
8,reg,-6.9366875,-0.08675192
7,reg,-6.6370597,-0.51758677
2,reg,-8.385102,0.26199278
6,reg,-7.2418795,1.931998
6,reg,-7.916388,2.4719553
8,reg,-7.2552056,-0.34053272
6,reg,-7.9705033,1.0649745
7,reg,-6.4916253,-0.31320763
1,reg,-7.405143,2.446722
6,reg,-7.2363653,1.3531169
7,reg,-6.7317486,-0.9619732
6,reg,-6.950712,2.0695822
4,reg,-7.7460237,5.241879
8,reg,-7.2049847,-0.22196968
2,reg,-8.21224,0.1499666
1,reg,-7.077781,3.113188
1,reg,-7.0637255,3.4021285
8,reg,-7.4902315,0.0930357
9,reg,-6.3814855,0.3854219
9,reg,-5.9101768,0.7302374
1,reg,-7.34191,2.870358
6,reg,-6.781008,2.0263555
4,reg,-7.7898016,5.27798
9,reg,-6.492996,0.20073959
7,reg,-6.814172,-0.67861205
3,reg,-8.27225,3.384653
6,reg,-9.494029,1.918347
8,reg,-7.488811,-0.11126619
7,reg,-6.5096364,-0.5354739
7,reg,-6.267683,-0.30754867
9,reg,-6.292563,0.2132442
9,reg,-6.2383757,0.30310324
1,reg,-6.54555,3.186319
8,reg,-7.4255023,-0.018016925
6,reg,-6.861334,1.9202602
6,reg,-6.821811,1.7675632
6,reg,-9.5407715,2.020412
6,reg,-8.225497,1.8600428
6,reg,-8.846525,1.7891867
8,reg,-7.458961,-0.54683834
6,reg,-6.7343526,1.7627028
9,reg,-5.708138,0.4822302
6,reg,-6.5411687,1.5421402
3,reg,-8.073439,3.0357668
8,reg,-7.505138,-0.55968106
9,reg,-5.6504765,0.5482977
6,reg,-9.580047,1.8616737
6,reg,-9.480241,1.8951643
6,reg,-9.620909,1.8049713
6,reg,-6.783482,2.2220669
6,reg,-9.446513,1.7895951
6,reg,-7.4594917,1.6784041
6,reg,-6.8459406,1.649124
3,reg,-8.138457,3.0669038
9,reg,-6.310048,0.40750152
6,reg,-8.710531,1.9535958
8,reg,-7.3775673,-1.0280278
7,reg,-6.815689,-1.0982656
10,reg,-7.9605117,0.8526651
8,reg,-7.445641,-0.015187988
8,reg,-7.786522,-0.38660187
6,reg,-9.44029,2.2805912
6,reg,-9.475417,2.2825918
8,reg,-7.802433,-0.71925604
6,reg,-9.460954,2.4987288
6,reg,-9.552053,1.8886375
8,reg,-7.492681,-0.96995604
2,reg,-8.180495,-0.25042376
10,reg,-8.064159,0.9231435
6,reg,-8.811496,1.6359031
6,reg,-8.769467,1.4771398
3,reg,-8.05868,3.2189236
3,reg,-8.311165,3.0762887
8,reg,-7.1884575,-0.0037193794
7,reg,-6.4909267,-0.24975604
2,reg,-8.443532,0.3687481
9,reg,-6.3882847,0.2535042
8,reg,-7.389436,-0.3246808
1,reg,-7.371868,3.336307
9,reg,-6.4527583,0.5111492
8,reg,-7.391551,-0.9756652
8,reg,-7.3821115,-1.0375328
1,reg,-7.068663,4.232336
6,reg,-6.194724,1.703699
6,reg,-7.816812,1.2794521
8,reg,-7.162591,-0.7716953
9,reg,-6.350249,0.40889433
6,reg,-6.8271365,1.655584
1,reg,-6.7656403,4.0530324
10,reg,-6.523469,0.9761606
8,reg,-7.2108493,0.46433437
9,reg,-6.114874,0.9224867
6,reg,-9.241895,2.013928
5,reg,-8.0646715,2.6466403
1,reg,-6.942151,4.5555606
8,reg,-7.559435,-0.812215
3,reg,-8.188917,4.779809
9,reg,-6.5367317,0.64640796
4,reg,-7.9145722,4.93714
3,reg,-7.9476185,3.506007
6,reg,-8.899315,1.5958086
3,reg,-8.122857,4.854321
3,reg,-8.192368,4.755804
4,reg,-7.9798155,5.118439
3,reg,-8.156644,4.835143
7,reg,-6.9203653,-1.0729674
7,reg,-6.8186116,-1.093122
3,reg,-8.228645,4.2081614
6,reg,-7.437771,1.1061858
3,reg,-7.865407,4.4668784
3,reg,-8.192902,3.9649293
9,reg,-5.747885,0.44989717
6,reg,-7.8985643,1.1686438
2,reg,-8.317163,0.3195266
3,reg,-8.854385,3.422173
3,reg,-8.712464,3.526204
6,reg,-7.807149,0.9940987
6,reg,-9.914368,2.2119534
6,reg,-9.106709,2.3813832
6,reg,-8.045949,1.9567244
6,reg,-8.010764,1.5623164
6,reg,-9.914812,2.2211823
6,reg,-9.771557,2.1800923
1,reg,-7.028129,2.8378901
6,reg,-9.736064,2.0566118
6,reg,-9.961069,2.262098
6,reg,-9.900727,2.2269986
8,reg,-7.2616415,-1.0572006
2,reg,-8.4505415,0.044694804
7,reg,-6.5764995,-0.7674569
4,reg,-8.022139,5.0309296
6,reg,-8.106516,1.427952
1,reg,-6.494167,4.009154
3,reg,-8.074935,3.4008117
3,reg,-8.007806,3.3562744
1,reg,-6.8870006,4.344299
7,reg,-6.4660397,-0.19499525
6,reg,-7.844881,1.0864222
1,reg,-7.5068283,3.370761
0,reg,-6.203697,2.1683815
1,reg,-7.6520596,3.0923374
3,reg,-7.8968916,3.6491613
2,reg,-8.528478,0.3832241
1,reg,-7.562725,3.3183913
4,reg,-7.942433,4.9394655
1,reg,-7.6522317,3.3118887
10,reg,-7.932695,0.9206374
6,reg,-7.9137144,1.0827878
6,reg,-8.192573,1.8475709
6,reg,-9.925348,2.2459745
6,reg,-9.753991,2.1567044
6,reg,-9.939342,2.244833
6,reg,-9.910816,2.2157278
6,reg,-9.902793,2.222305
3,reg,-7.76564,3.3128457
6,reg,-9.000164,2.5249388
8,reg,-7.734109,-0.83785415
8,reg,-7.326201,-0.54285747
8,reg,-7.6202173,-0.69079596
3,reg,-8.745143,3.520391
1,reg,-7.025675,3.0238974
3,reg,-8.0518,3.6359007
3,reg,-8.0610695,3.680161
9,reg,-6.1332817,0.43101367
8,reg,-7.5334525,-0.4510167
3,reg,-7.6426096,4.5454135
1,reg,-7.1362166,3.7298846
4,reg,-7.868306,4.656738
3,reg,-8.226298,3.4464533
0,reg,-6.1524744,1.9915653
1,reg,-7.4141097,3.3737438
1,reg,-7.8922424,3.9672933
6,reg,-6.3252273,2.3658645
4,reg,-7.898129,4.588004
3,reg,-8.151291,3.7286289
3,reg,-8.133404,3.7895458
6,reg,-9.156827,1.4808738
5,reg,-8.199047,2.8403919
9,reg,-6.3274446,0.60053605
9,reg,-6.0941343,0.44783744
9,reg,-5.7678404,0.43887672
5,reg,-8.287367,2.9462645
6,reg,-7.62512,2.0401723
5,reg,-8.111789,2.5181143
9,reg,-6.0465827,0.6722719
6,reg,-9.414954,1.757418
1,reg,-7.819874,3.5468209
6,reg,-9.674687,2.2270274
5,reg,-8.495771,2.4325187
6,reg,-9.733465,2.0681758
6,reg,-9.529109,2.444087
6,reg,-9.646709,2.2410557
6,reg,-9.609426,2.0387282
3,reg,-7.526987,4.267103
3,reg,-8.685534,3.3621178
4,reg,-7.8839774,4.657672
6,reg,-8.7513685,2.0331807
3,reg,-8.175982,3.7855816
6,reg,-9.278771,1.5220314
3,reg,-8.185355,4.293004
3,reg,-8.058103,3.4395745
1,reg,-7.6822457,3.567287
0,reg,-5.9229636,1.9483006
7,reg,-6.63097,-1.01465
6,reg,-9.317623,1.9931935
3,reg,-8.828963,3.4364696
6,reg,-9.424375,2.2407484
2,reg,-8.098105,-0.04056045
4,reg,-7.996491,5.034789
6,reg,-9.155445,2.3311846
6,reg,-9.31231,2.130454
3,reg,-8.851849,3.426737
1,reg,-7.6742897,3.5420597
3,reg,-8.10953,3.2389336
5,reg,-8.667676,2.8416288
6,reg,-6.2083693,2.4527957
0,reg,-6.1106935,2.1890178
6,reg,-6.3035846,2.6102579
6,reg,-6.743578,2.134042
6,reg,-6.8578296,2.431746
3,reg,-8.196961,3.8248744
2,reg,-8.38226,0.23798317
1,reg,-7.5350237,3.5042872
6,reg,-6.313218,3.628183
3,reg,-7.949179,3.384506
5,reg,-8.595368,2.8586814
6,reg,-8.1576805,1.7145237
6,reg,-8.416344,1.5349302
7,reg,-6.653616,-0.8398144
1,reg,-7.2432446,3.956253
2,reg,-8.419467,-0.07593871
5,reg,-8.573197,2.9007595
10,reg,-8.614437,1.2451137
3,reg,-8.497573,3.5093875
3,reg,-7.7918906,3.7052462
4,reg,-7.7761517,4.921288
3,reg,-8.089752,3.8425426
1,reg,-6.9050484,3.5305495
9,reg,-6.0663548,0.50335836
6,reg,-7.975551,1.1064998
10,reg,-6.398693,1.111345
6,reg,-9.388822,2.2384405
1,reg,-6.7953916,3.7016616
6,reg,-7.070997,1.8245256
5,reg,-8.536146,2.8138645
6,reg,-6.4436,2.3735898
2,reg,-8.1398535,0.3694702
6,reg,-7.991887,1.7996002
2,reg,-8.523444,0.48796666
1,reg,-7.1705475,3.2348576
6,reg,-7.0968633,1.9622477
3,reg,-7.9838386,3.8897405
6,reg,-6.348336,2.6295986
6,reg,-6.580522,2.2854903
6,reg,-7.4557414,2.0848906
4,reg,-8.060501,4.943626
5,reg,-8.519774,2.9302723
5,reg,-8.17702,2.6037586
7,reg,-6.6067104,-1.0169196
0,reg,-5.9038944,1.9460537
1,reg,-6.4823503,2.8639598
5,reg,-8.471809,2.8983428
2,reg,-8.443362,0.14084874
3,reg,-7.8988647,3.188286
8,reg,-7.6018124,-0.4392408
8,reg,-7.2162094,-0.2960482
0,reg,-5.880026,1.9529073
1,reg,-7.4763203,2.6569602
8,reg,-7.749731,-0.77132744
10,reg,-6.621701,1.2319115
8,reg,-7.3522105,0.3008007
10,reg,-7.320808,1.0881453
0,reg,-5.920451,1.7020826
3,reg,-8.842879,3.4932256
2,reg,-8.583662,0.2984959
0,reg,-5.9440536,2.1079001
6,reg,-7.105886,1.4706756
9,reg,-6.5819397,0.75093186
0,reg,-6.103694,1.8060797
1,reg,-7.0019145,4.6730843
1,reg,-6.8836775,4.585638
8,reg,-7.0773945,-0.169914
8,reg,-7.224296,-0.32505938
5,reg,-8.935292,2.8991075
3,reg,-7.5571404,3.990823
1,reg,-7.0159135,3.7579978
1,reg,-7.2810316,3.8522613
3,reg,-7.496073,3.6161427
1,reg,-6.9114203,4.5771523
1,reg,-7.4183784,2.5391307
1,reg,-7.0214562,3.4000652
1,reg,-7.2935615,3.6864467
1,reg,-6.8266444,4.216626
8,reg,-7.174739,-0.504758
8,reg,-7.8570595,-0.3559207
3,reg,-8.083971,4.955221
3,reg,-7.3376017,4.7460327
1,reg,-6.906967,4.398112
1,reg,-7.690704,3.1288881
6,reg,-8.361027,1.6107547
6,reg,-8.394122,1.7111694
1,reg,-6.3914514,3.0471368
1,reg,-6.989593,4.090067
1,reg,-7.049272,4.6774716
1,reg,-6.3800044,3.040616
1,reg,-7.00425,4.6186833
3,reg,-7.304741,4.4688287
2,reg,-8.645602,0.4323702
2,reg,-8.46122,0.4737189
2,reg,-8.602433,0.3745706
4,reg,-7.75091,5.1798177
3,reg,-7.28977,4.4174843
4,reg,-7.8706236,5.206941
2,reg,-8.59371,0.40629074
8,reg,-7.3086805,-1.041152
6,reg,-9.264911,2.031629
6,reg,-9.18431,2.0593064
6,reg,-8.022896,1.7789905
6,reg,-6.240741,2.8009107
8,reg,-7.4657483,-0.030836271
10,reg,-6.518916,1.2183715
5,reg,-8.633795,2.7222376
3,reg,-7.876454,3.1012843
6,reg,-8.408087,1.8038514
1,reg,-6.743851,3.1798098
3,reg,-8.14358,3.236893
8,reg,-7.7288566,-0.77934647
8,reg,-7.801183,-0.81295264
6,reg,-7.565772,1.4584572
1,reg,-7.0120096,3.803911
6,reg,-7.388674,1.2841119
6,reg,-7.8352017,1.9679644
0,reg,-5.886403,1.951488
6,reg,-7.8013725,1.8524395
8,reg,-7.264782,-0.6259979
6,reg,-9.377082,1.8299111
1,reg,-6.728773,3.0520158
1,reg,-6.789431,3.9729397
6,reg,-5.9727807,1.6307458
1,reg,-6.757306,3.3308241
6,reg,-6.06726,2.3265958
6,reg,-7.3633695,1.7731804
5,reg,-7.751249,2.5844283
1,reg,-6.8472915,3.6327462
5,reg,-8.176111,2.6415622
3,reg,-7.5664835,4.997673
0,reg,-7.000509,0.699929
8,reg,-7.3540545,-0.72398484
8,reg,-7.166881,-0.34778908
8,reg,-7.6731086,-0.73630744
8,reg,-7.54364,-0.5764695
10,reg,-7.0758433,0.8127515
7,reg,-6.335472,-0.21650177
3,reg,-7.314881,4.298525
1,reg,-6.477096,4.04026
1,reg,-6.436502,4.1433997
3,reg,-7.5170903,4.4444537
5,reg,-8.181683,2.797333
6,reg,-6.3430862,2.456654
5,reg,-8.768852,2.9612951
8,reg,-7.492643,-0.45622012
1,reg,-6.7956667,2.5462894
1,reg,-7.158199,4.212532
6,reg,-6.38382,1.6369989
6,reg,-9.403179,1.9104974
6,reg,-9.36863,1.9377701
6,reg,-8.004418,1.8218641
7,reg,-6.657175,-0.7872728
7,reg,-6.6748447,-0.64280975
10,reg,-6.6901207,1.2875036
1,reg,-7.0821075,2.5340912
8,reg,-6.949993,0.65858877
3,reg,-8.23701,3.7113073
3,reg,-7.888553,3.1680837
5,reg,-8.529851,2.8373654
3,reg,-8.508162,3.338399
4,reg,-7.757921,5.225705
1,reg,-7.027944,4.71615
6,reg,-9.317668,2.1292856
10,reg,-6.602739,1.3378441
10,reg,-6.6226206,1.2959474
3,reg,-7.503787,4.984735
0,reg,-5.8217845,1.9493759
6,reg,-7.2694664,1.2809523
6,reg,-9.456405,1.8579943
4,reg,-7.7999377,5.2313347
4,reg,-7.7321963,5.2559533
8,reg,-7.429103,-0.93665934
9,reg,-5.996217,0.3211102
0,reg,-5.828497,1.9964287
10,reg,-7.971407,0.9230156
0,reg,-5.765544,1.9193189
6,reg,-7.511358,1.0387577
1,reg,-7.1917048,3.821719
1,reg,-6.8774614,2.746902
6,reg,-6.1594996,2.385042
6,reg,-6.884321,1.9370981
6,reg,-7.0611377,1.9711406
6,reg,-7.0357633,1.5395509
3,reg,-7.4755435,4.4387703
6,reg,-6.3680377,2.6131797
2,reg,-8.3993225,0.80867004
5,reg,-8.065153,4.668627
3,reg,-8.452665,3.657517
4,reg,-7.739725,5.2174234
3,reg,-8.387881,3.6410203
0,reg,-5.886385,1.982653
3,reg,-8.255818,3.7018425
1,reg,-6.9111567,2.505893
6,reg,-6.3771305,3.6285236
1,reg,-6.760378,2.9517248
9,reg,-6.0632834,0.22627681
3,reg,-8.436683,3.5825486
6,reg,-7.923127,1.4339674
6,reg,-7.4976306,1.0685415
7,reg,-7.0764995,-0.59062296
9,reg,-5.758856,0.4557321
9,reg,-5.9496264,0.42404887
1,reg,-6.949744,3.9668462
1,reg,-6.924982,3.966302
3,reg,-8.439802,3.5543506
3,reg,-7.0864906,4.732322
10,reg,-6.8661156,0.91303873
1,reg,-7.5484333,3.785625
1,reg,-6.715046,2.933936
1,reg,-7.1183467,3.0138695
1,reg,-7.0504193,3.4645567
6,reg,-7.031297,1.5907277
3,reg,-7.486359,4.9279366
10,reg,-7.024109,1.1275316
10,reg,-6.69668,0.91343343
10,reg,-6.832144,0.91854656
4,reg,-7.7849507,4.839601
1,reg,-6.8243523,4.408535
1,reg,-7.116187,4.677596
1,reg,-6.9036126,4.5191836
1,reg,-7.7622676,3.4194353
1,reg,-6.728717,3.4463873
1,reg,-6.5566196,2.8358908
1,reg,-6.788327,3.4281793
1,reg,-7.7162056,4.4682045
1,reg,-7.437058,3.3533928
1,reg,-7.7062616,3.4076066
1,reg,-6.9408107,3.0175285
1,reg,-7.780299,4.3493757
7,reg,-6.867977,-0.7508371
1,reg,-7.4012785,3.1912909
10,reg,-6.4619045,1.1833874
1,reg,-7.4696317,3.1268332
1,reg,-7.435744,3.0729458
3,reg,-7.824847,3.7147715
1,reg,-7.3961406,3.153358
3,reg,-8.128642,3.2863762
10,reg,-6.4239235,1.1572692
1,reg,-7.349308,3.45212
4,reg,-7.722789,4.7834144
4,reg,-7.7300997,4.69803
4,reg,-7.6081405,4.7213697
4,reg,-7.735795,4.7424464
1,reg,-7.5707493,3.2080986
1,reg,-7.3456798,3.035083
6,reg,-7.889083,1.4355375
0,reg,-6.0236487,1.7326193
10,reg,-6.445395,1.2884668
1,reg,-7.1124563,3.5452354
3,reg,-7.389336,4.951886
1,reg,-7.5792465,3.3192277
9,reg,-6.410645,1.1648117
9,reg,-6.134991,0.40582252
3,reg,-7.835389,2.0490637
8,reg,-7.2911477,-0.25403988
6,reg,-7.724308,2.2702212
9,reg,-6.0692177,0.83814263
5,reg,-8.310927,2.5052328
1,reg,-6.921065,3.4949715
9,reg,-6.1621366,1.036572
3,reg,-7.34258,4.5226345
1,reg,-6.9411745,4.00867
9,reg,-6.0194645,1.0157192
1,reg,-6.582846,3.8497632
8,reg,-7.048873,0.4721992
9,reg,-6.2687964,1.0825251
8,reg,-7.4436755,-0.43799245
10,reg,-6.879281,1.1521293
8,reg,-7.3384056,-0.55404586
8,reg,-7.064388,-0.22309694
3,reg,-8.216367,4.3190117
8,reg,-7.235911,-0.5401408
9,reg,-5.987025,0.7186837
4,reg,-7.819838,5.2605467
6,reg,-9.664159,2.128543
4,reg,-7.7300467,5.3318806
0,sci,7.928508,1.5164809
1,sci,12.376842,0.41624328
4,sci,14.6131,1.1298707
4,sci,14.591694,1.1436533
4,sci,14.4363985,1.6006075
0,sci,10.449678,-0.4424691
4,sci,14.484373,2.7774796
0,sci,10.468339,-0.46195439
4,sci,13.601554,2.4040923
0,sci,9.272306,0.02558156
4,sci,14.786176,1.3459578
2,sci,12.293114,0.764801
0,sci,8.095257,1.2370182
0,sci,7.9608073,1.2849008
0,sci,7.585279,1.3374506
2,sci,12.492827,1.088494
0,sci,7.5070696,1.4167124
0,sci,11.92695,0.29475826
0,sci,8.728046,2.1518164
4,sci,13.953688,1.8994781
2,sci,12.487444,1.0282192
4,sci,14.094901,1.3519603
4,sci,14.875332,1.5696694
4,sci,14.168616,0.7521225
4,sci,14.302701,2.289314
1,sci,12.318395,0.9459686
0,sci,10.906182,0.33673987
4,sci,14.250077,0.58268535
4,sci,13.992969,2.9603076
0,sci,8.251452,0.8906408
4,sci,13.673039,1.7048999
0,sci,12.385099,-0.9095983
4,sci,14.112125,2.7559109
0,sci,11.842943,0.36130732
4,sci,14.634313,2.7181194
0,sci,8.787172,2.1441772
2,sci,12.499473,0.97273946
2,sci,12.474839,0.95636207
0,sci,12.2523985,-0.953687
0,sci,11.373003,-0.06489128
4,sci,13.432249,1.8834271
0,sci,8.307128,0.91059345
2,sci,12.549665,1.0906999
0,sci,8.544218,0.4514845
4,sci,13.957395,1.8829391
4,sci,14.629165,1.519832
4,sci,14.413931,2.5186331
0,sci,7.876268,1.6932573
4,sci,13.368391,2.1661453
0,sci,8.583439,1.3148663
0,sci,8.293854,0.51992196
4,sci,13.798725,1.9382174
0,sci,8.996719,0.53210753
0,sci,10.654036,0.034470312
2,sci,12.526127,1.140233
0,sci,11.29758,-0.7473324
2,sci,12.508645,1.1171588
0,sci,9.066689,0.53084564
0,sci,11.230727,0.3145627
4,sci,13.885545,3.0101624
0,sci,12.071538,-0.19100223
0,sci,10.8610115,1.0600967
4,sci,12.85476,2.3491244
0,sci,10.511961,-0.73959476
0,sci,8.786248,0.7053266
4,sci,14.602499,2.679552
0,sci,10.160459,-0.29769042
0,sci,12.295756,-0.8635946
0,sci,8.157266,0.9546356
0,sci,10.964473,-0.14941983
4,sci,14.223093,2.749583
4,sci,14.3469715,1.9327537
4,sci,14.487628,1.3636824
4,sci,14.044134,1.4893129
4,sci,14.464717,3.009279
1,sci,12.240776,0.4601708
2,sci,12.446496,1.1024573
0,sci,7.827785,0.7702342
2,sci,12.339313,1.0858767
0,sci,8.542375,1.6676064
0,sci,8.300512,1.3338591
0,sci,11.108118,-0.57742995
2,sci,12.450442,0.9459335
0,sci,12.089963,0.34070247
0,sci,11.022568,0.20300119
0,sci,7.8410654,1.5636442
0,sci,7.319696,1.6359974
0,sci,8.761405,2.1729257
0,sci,10.962937,0.4574398
4,sci,14.057022,2.0558767
0,sci,9.355992,1.1113974
1,sci,12.754431,1.2069342
1,sci,12.547327,0.19986798
1,sci,12.474646,0.4186072
4,sci,15.031604,2.069832
0,sci,7.754201,1.0085273
4,sci,14.588635,2.8678489
4,sci,13.837081,1.8657365
0,sci,10.106527,0.8314006
4,sci,13.51347,1.7993011
4,sci,14.236846,1.9299556
0,sci,8.583259,1.5192096
4,sci,14.5454855,0.94778264
0,sci,9.257232,0.036530223
2,sci,12.219504,1.2253315
2,sci,12.586665,1.2387434
4,sci,13.82405,2.7015867
4,sci,13.845761,2.9446325
4,sci,14.701752,1.1973745
4,sci,14.992476,2.0299132
4,sci,14.383642,3.1726754
0,sci,11.890481,0.12152266
0,sci,10.619368,-0.124121614
2,sci,12.608152,1.3500704
4,sci,14.774518,1.4042928
4,sci,14.974698,1.9365531
0,sci,11.629386,0.28389072
0,sci,9.567597,1.2622712
1,sci,12.667979,0.5264639
1,sci,12.683456,0.53449273
0,sci,8.052542,1.0904953
2,sci,12.532574,1.0471672
4,sci,13.459595,1.9201629
0,sci,11.400913,0.91242135
1,sci,12.299229,0.54388577
0,sci,8.47663,1.2196454
0,sci,8.551712,0.84892803
4,sci,14.728207,2.5420816
4,sci,13.234499,1.5884272
0,sci,10.523882,-0.3881307
0,sci,8.275331,0.38362858
4,sci,14.232452,0.7819925
0,sci,8.51564,1.85062
4,sci,14.548353,2.9332428
0,sci,8.697326,2.1607935
4,sci,14.3902,0.9019663
4,sci,14.1289625,1.9892838
0,sci,7.842385,2.0507336
0,sci,8.00101,1.5020744
4,sci,14.529121,1.0115077
0,sci,10.906804,-0.22971195
4,sci,14.369026,1.7369545
1,sci,12.410181,0.4840244
0,sci,9.460246,0.7784088
4,sci,14.1442585,0.4749117
4,sci,14.287912,0.71047604
1,sci,12.171527,0.79748684
4,sci,14.28716,3.145416
0,sci,12.130031,0.47867998
4,sci,14.707265,1.3422272
4,sci,14.61488,1.1128302
0,sci,8.269844,0.5580969
4,sci,13.968929,1.8239024
4,sci,13.956069,2.2444074
3,sci,13.045429,2.9408655
0,sci,7.662355,2.070842
0,sci,8.793552,0.07928405
0,sci,9.258395,0.005032375
0,sci,10.042072,0.7725206
4,sci,13.946275,0.3000608
0,sci,11.980261,-0.736899
0,sci,10.804091,0.39336228
0,sci,7.850255,0.64978176
4,sci,13.757422,1.9081361
1,sci,12.479209,0.29541275
0,sci,8.381059,0.5562168
0,sci,9.627859,0.57965565
4,sci,14.265236,2.732183
4,sci,13.248233,1.5560886
3,sci,13.015269,2.7805796
4,sci,13.829657,2.0189037
0,sci,7.87216,1.3081605
4,sci,14.340139,3.1442676
1,sci,12.559601,0.59755975
4,sci,14.149116,2.252326
0,sci,8.550684,1.2404765
1,sci,12.619779,0.6870584
4,sci,14.81949,1.6152847
0,sci,8.840334,2.0736265
4,sci,14.255482,3.1437247
3,sci,12.9242,2.8468816
4,sci,14.601006,2.935769
4,sci,14.405595,3.171573
0,sci,11.60086,-0.73483336
0,sci,8.0902195,0.978969
0,sci,11.848685,-0.24643856
4,sci,14.074215,1.8209159
0,sci,8.512692,1.7925247
4,sci,14.21857,1.8584983
0,sci,10.153053,0.50694686
0,sci,8.329752,1.1468698
4,sci,14.830622,1.3231483
0,sci,8.320193,1.1239537
0,sci,9.308655,1.0572338
0,sci,7.6674423,0.9710653
0,sci,11.035153,-0.80668396
4,sci,14.99187,1.996471
4,sci,14.594406,0.82576334
4,sci,14.450866,2.5560176
4,sci,13.607113,1.776049
0,sci,9.918892,0.56152844
0,sci,10.822453,-0.92128676
0,sci,11.594757,-0.74093753
0,sci,8.514534,0.68412256
0,sci,10.450068,0.55015177
0,sci,10.225537,0.4939407
0,sci,8.42902,0.5510068
0,sci,11.396896,-0.05378501
4,sci,14.278809,2.8626223
0,sci,7.54993,1.9107325
0,sci,7.865336,1.0209337
4,sci,15.112044,2.1430247
4,sci,14.447724,2.6019156
4,sci,14.728588,1.3324691
4,sci,14.608234,1.513832
4,sci,14.67304,2.855472
0,sci,8.355633,0.33912462
2,sci,12.417511,1.0893704
0,sci,8.321913,1.72513
0,sci,9.95904,0.64916366
0,sci,7.365939,1.6169366
0,sci,9.923973,0.5484808
0,sci,11.376074,-0.3121058
4,sci,15.086875,2.1363819
0,sci,7.699485,0.9529562
4,sci,14.610013,0.8553489
4,sci,14.745775,1.3646797
4,sci,14.623207,1.1814773
0,sci,12.385253,-0.26307458
4,sci,14.159752,1.9111245
0,sci,9.245236,0.01758699
4,sci,14.123686,0.7462202
0,sci,11.412092,0.018604858
4,sci,14.163705,1.6945629
0,sci,12.258953,-0.8942756
4,sci,13.862986,2.663699
0,sci,7.73992,1.6341445
0,sci,8.6689,0.7087413
0,sci,8.20314,1.5685303
0,sci,8.173419,0.5587698
4,sci,14.073754,0.42644817
0,sci,7.7859907,1.9764487
4,sci,14.504184,2.7677243
0,sci,11.981601,-0.96836424
0,sci,8.787788,0.83301455
0,sci,7.7294106,1.0107942
0,sci,11.094953,0.15286422
4,sci,14.007916,2.8423033
4,sci,14.981964,2.002249
0,sci,7.600212,1.9797415
0,sci,11.676387,-0.23285148
0,sci,8.233782,0.32101062
0,sci,9.993313,0.94655305
0,sci,10.280677,0.45138025
0,sci,7.3744564,1.5839964
0,sci,8.407017,1.8107057
0,sci,11.8072195,-0.8223999
4,sci,14.214338,1.9599595
0,sci,11.49503,0.53486073
1,sci,12.631645,0.55647624
0,sci,11.605767,-0.12317559
4,sci,13.802543,2.0243304
4,sci,14.605707,1.6034744
0,sci,8.034192,1.5629152
0,sci,11.6166315,-0.72541445
0,sci,10.964461,0.41974813
0,sci,11.87381,-1.009601
0,sci,8.690899,1.092228
0,sci,10.387128,0.74324137
4,sci,13.8168745,0.20456365
0,sci,9.580649,0.66848004
0,sci,8.220373,0.927048
0,sci,9.780765,0.43840817
0,sci,8.537968,0.4819548
4,sci,13.97362,2.4813716
0,sci,8.078249,1.3194691
0,sci,7.624014,2.0245576
1,sci,12.398843,0.36051673
0,sci,8.466875,1.05776
0,sci,9.771256,0.7560977
0,sci,8.162828,1.9794836
4,sci,14.015962,1.9126275
4,sci,14.046344,1.9115417
0,sci,10.455113,0.23297267
0,sci,9.476531,0.050763577
4,sci,14.238587,1.0194193
0,sci,7.507106,1.930626
4,sci,13.909495,1.5497886
0,sci,11.3539505,-0.111356914
0,sci,10.143913,0.20285814
0,sci,9.234411,0.6366184
0,sci,8.808801,0.7712242
0,sci,10.472796,0.06938256
4,sci,14.178545,1.8761936
0,sci,10.538676,0.38335833
0,sci,9.399355,1.066737
0,sci,11.767815,-0.5452086
0,sci,7.3448334,1.8809769
0,sci,12.292848,-0.45638692
0,sci,9.054741,0.8043861
4,sci,14.346279,1.4262389
0,sci,8.507093,1.2051613
0,sci,11.537068,-0.6513177
0,sci,7.5519013,2.0067606
0,sci,8.368115,1.3658733
0,sci,8.131518,0.9743609
0,sci,8.660239,0.84438705
0,sci,11.062883,0.521669
4,sci,14.423821,2.5414114
0,sci,10.861066,-0.87904066
4,sci,14.568606,2.9034412
0,sci,11.843424,0.5769857
0,sci,7.472064,1.9513768
4,sci,14.444644,3.1930654
0,sci,11.121463,0.22950804
0,sci,12.058563,-1.007323
0,sci,8.749717,0.55442894
0,sci,8.392143,1.4065474
0,sci,12.334799,-0.98979294
0,sci,8.4458685,0.20962164
0,sci,12.328764,-0.50058097
4,sci,14.234402,0.7672109
0,sci,9.23339,0.68596286
4,sci,14.070469,1.9152513
0,sci,9.337968,0.31239918
0,sci,7.479954,1.9001473
0,sci,10.908967,-0.8670593
0,sci,8.286065,0.9530117
0,sci,11.478424,-0.73145056
0,sci,10.108001,0.33567342
0,sci,7.4444885,1.9043354
0,sci,10.39467,-0.34236482
0,sci,7.454332,1.9381181
4,sci,14.779815,2.790695
0,sci,10.884119,-0.9493891
0,sci,9.141652,0.7182001
0,sci,10.828684,-0.39691725
0,sci,12.318897,-1.0162071
4,sci,13.903799,0.7076664
0,sci,8.366713,0.26608884
0,sci,7.952907,0.89619315
4,sci,14.509888,2.2955208
1,sci,12.2841425,0.8845289
0,sci,11.295211,-0.6415618
4,sci,8.848899,2.2039287
0,sci,11.748509,0.16668889
0,sci,10.134061,0.8849199
0,sci,7.339793,1.9560415
0,sci,8.155831,0.8143797
0,sci,10.896644,-0.9003805
0,sci,11.10226,-0.15930744
0,sci,8.312708,0.2830405
0,sci,12.039093,-0.25988352
0,sci,8.642285,0.22174148
0,sci,7.3999596,1.906828
4,sci,13.076485,2.042881
4,sci,14.830883,2.6688275
0,sci,10.597017,-0.77575934
0,sci,11.732715,-0.21784358
0,sci,8.121746,0.7808895
0,sci,10.883539,-0.45197943
0,sci,8.255624,0.35833082
4,sci,14.208746,3.0188472
4,sci,13.036356,2.032515
0,sci,9.91834,0.78911877
0,sci,11.3660555,0.033793002
0,sci,9.090598,0.44955233
0,sci,7.9509234,1.4569
0,sci,7.7342653,2.0775409
4,sci,14.27182,1.5238774
0,sci,7.901543,0.46742088
0,sci,11.406397,0.8330182
0,sci,12.30114,-0.9685969
4,sci,14.032822,2.3765879
4,sci,13.487816,1.6759063
0,sci,12.349533,-1.0190393
4,sci,14.417024,1.4895597
0,sci,11.552587,-0.25915542
0,sci,8.392894,0.78037924
0,sci,7.5175743,1.247732
0,sci,8.680902,1.5447135
0,sci,8.383153,1.198259
4,sci,14.872582,1.6573356
0,sci,11.839251,-0.4036407
0,sci,10.883381,-0.47918448
0,sci,11.27183,-0.15951967
0,sci,10.827389,-0.6224577
0,sci,10.297999,-0.43932787
0,sci,11.663686,-0.1270179
4,sci,13.895078,2.1009274
0,sci,8.385175,0.75808656
0,sci,9.451907,0.8731027
0,sci,9.07364,0.87736213
4,sci,14.079251,2.815089
0,sci,12.299288,-0.40629146
0,sci,10.837762,-0.63604176
0,sci,11.2069025,-0.83383214
0,sci,12.427652,-0.391667
0,sci,8.137199,1.311103
0,sci,9.477178,0.7922512
4,sci,13.849876,2.7930958
0,sci,11.446996,-0.69801974
0,sci,9.1488905,0.47129142
0,sci,7.3292994,1.9366953
0,sci,12.45604,-0.31124884
0,sci,10.840937,-0.25497362
0,sci,8.690543,0.8038606
0,sci,10.343886,0.47926933
0,sci,9.752373,0.44524285
0,sci,12.109459,-0.37271726
0,sci,11.8670635,-0.05199854
0,sci,7.8283134,1.6036128
1,sci,12.243641,0.40281093
4,sci,13.18672,1.784091
0,sci,11.51683,-0.090259485
4,sci,13.960759,2.472763
0,sci,8.6086445,0.6423334
0,sci,9.155936,0.6243247
0,sci,11.069593,0.37622353
0,sci,11.559917,-0.7695139
0,sci,10.086944,0.19250408
0,sci,11.858525,-0.8148031
0,sci,9.101966,0.81501603
0,sci,9.611681,0.9883835
0,sci,9.769879,0.70429575
4,sci,14.265995,1.0027033
0,sci,8.199541,0.8380573
0,sci,12.23736,-0.99928546
0,sci,9.203039,0.49171937
0,sci,12.446414,-0.3246166
0,sci,7.9335165,0.63579476
0,sci,10.823082,0.0994931
0,sci,8.271832,0.9579653
0,sci,9.267868,0.61022204
0,sci,11.297795,-0.23691535
0,sci,10.717495,0.63243973
0,sci,11.463102,-0.118021086
0,sci,10.109539,0.053081505
0,sci,12.297246,-0.6016992
0,sci,7.4896355,1.3069367
0,sci,10.36063,-0.37767673
0,sci,11.485345,0.29906616
0,sci,8.998364,0.9052256
0,sci,9.538039,-0.115432255
0,sci,11.768164,-0.007986904
0,sci,10.996918,0.44241282
0,sci,11.498021,-0.0044981833
0,sci,7.971464,0.7034028
4,sci,13.7698,2.3777673
4,sci,14.8927,1.7006857
0,sci,9.4384985,0.7200553
0,sci,9.511725,0.8094899
0,sci,9.457587,0.5264693
4,sci,14.781869,1.2079114
0,sci,10.67055,-0.036527652
0,sci,8.555688,0.084526196
0,sci,10.861525,-0.82866085
0,sci,11.138885,-0.06672449
0,sci,8.037158,0.56528205
0,sci,8.016848,0.58705974
0,sci,9.72717,0.8521988
0,sci,12.236046,-0.7964273
0,sci,10.30775,0.11286175
0,sci,12.116118,-0.5247425
0,sci,10.656461,0.42546558
0,sci,11.079137,0.6995747
3,sci,12.834088,2.600301
3,sci,12.971483,2.9292848
4,sci,13.238679,1.5929433
3,sci,13.473505,2.89611
4,sci,14.7573395,2.6948476
3,sci,13.373102,2.3477545
0,sci,10.950626,0.0655846
4,sci,14.08964,1.5674582
0,sci,10.803296,-0.06429919
0,sci,8.769988,1.0951443
0,sci,8.049857,1.6175078
4,sci,13.3804245,2.1535518
0,sci,11.523073,0.096647
0,sci,11.379763,0.60126567
4,sci,13.229077,1.5199574
3,sci,13.027501,2.9284554
4,sci,14.00465,1.5347444
0,sci,8.05872,1.4958897
3,sci,13.347562,2.381824
0,sci,11.153632,0.7857984
0,sci,11.04829,-0.020126408
4,sci,13.85472,2.2156422
4,sci,13.403484,1.9735802
0,sci,11.348321,-0.8088443
3,sci,12.927268,2.7763438
4,sci,13.282628,2.2590652
0,sci,11.356549,0.84879017
0,sci,11.256369,0.30052182
0,sci,11.213733,0.8438869
3,sci,13.044778,2.8330424
4,sci,14.356126,3.126681
3,sci,12.970547,2.9236042
0,sci,11.73665,-0.9009968
0,sci,12.357111,-0.94729286
0,sci,10.608131,0.48389104
4,sci,14.1175995,1.7760959
0,sci,8.831093,1.0228724
3,sci,13.146364,2.9268925
1,sci,12.729108,0.45677608
4,sci,13.374456,1.9431331
3,sci,12.93025,2.8697674
3,sci,13.445538,2.9078226
0,sci,11.175868,0.8356274
4,sci,14.027999,2.041254
3,sci,13.084337,2.6123545
0,sci,8.002,1.7022021
4,sci,13.592241,1.5938368
0,sci,11.427737,0.5941722
4,sci,14.741979,1.7310047
0,sci,8.0545225,1.5350007
0,sci,11.180586,0.11724069
4,sci,14.624501,0.8518561
