cluster,pro,reg,sci,TF_IDF_topic_name,percentage_of_documents,percentage_limit,Topic_terms
0,9,2,0,"paris agreement, 0.0364, 3, 11 ; co2 emissions, 0.0343, 6, 20 ; 000 tonnes, 0.0231, 2, 9 ; district heating, 0.0213, 5, 21 ; energy efficiency, 0.0204, 7, 12",0.3758,1.0,paris agreement ; co2 emissions ; 000 tonnes ; district heating ; energy efficiency
1,7,27,0,"wind turbines, 0.0216, 27, 128 ; offshore wind, 0.0203, 31, 299 ; offshore wind turbines, 0.0148, 24, 67 ; bornholm offshore wind, 0.0134, 1, 1 ; bornholm offshore, 0.0131, 1, 1",0.6549,1.0,wind turbines ; offshore wind ; offshore wind turbines ; bornholm offshore wind ; bornholm offshore
2,20,9,1,"north sea, 0.0131, 23, 62 ; 10 gw, 0.0119, 9, 23 ; energy islands, 0.0116, 29, 143 ; sustainable energy, 0.0109, 2, 4 ; island north sea, 0.0107, 14, 19",0.5689,1.0,north sea ; 10 gw ; energy islands ; sustainable energy ; island north sea
3,10,3,5,"electricity grid, 0.0287, 8, 37 ; co2 emissions, 0.0251, 2, 5 ; electricity consumption, 0.0240, 9, 29 ; electricity generation, 0.0228, 5, 10 ; per cent, 0.0163, 3, 10",0.3259,1.0,electricity grid ; co2 emissions ; electricity consumption ; electricity generation ; per cent
4,14,2,0,"70 percent, 0.0277, 9, 20 ; climate act, 0.0226, 6, 24 ; climate council, 0.0199, 6, 23 ; green power, 0.0187, 11, 29 ; million tonnes, 0.0115, 2, 2",0.4625,1.0,70 percent ; climate act ; climate council ; green power ; million tonnes
5,9,0,3,"north sea, 0.0212, 6, 29 ; wind energy, 0.0194, 9, 10 ; european energy, 0.0168, 3, 4 ; offshore wind, 0.0167, 8, 47 ; gw offshore, 0.0165, 6, 13",0.5389,1.0,north sea ; wind energy ; european energy ; offshore wind ; gw offshore
6,4,1,0,"million tonnes, 0.1084, 4, 15 ; climate council, 0.0756, 3, 14 ; 000 tonnes, 0.0379, 4, 7 ; tonnes co2, 0.0361, 3, 12 ; energy consumption, 0.0225, 1, 4",0.68,1.0,million tonnes ; climate council ; 000 tonnes ; tonnes co2 ; energy consumption
7,1,0,0,"labor market, 0.2271, 1, 5 ; danish business, 0.1289, 1, 3 ; among things, 0.0717, 1, 3 ; skilled workers, 0.0506, 1, 1 ; something new, 0.0477, 1, 1",1.0,1.0,labor market ; danish business ; among things ; skilled workers ; something new
8,14,2,0,"natural gas, 0.0231, 5, 19 ; ptx plants, 0.0154, 5, 9 ; among things, 0.0144, 9, 16 ; electrolysis capacity, 0.0141, 5, 9 ; cip foundation, 0.0138, 1, 10",0.3458,1.0,natural gas ; ptx plants ; among things ; electrolysis capacity ; cip foundation
9,2,1,0,"drinking water, 0.0707, 1, 7 ; oil gas, 0.0658, 2, 8 ; says morten, 0.0651, 2, 6 ; construction project, 0.0402, 2, 4 ; regional municipality, 0.0294, 1, 6",0.5333,1.0,drinking water ; oil gas ; says morten ; construction project ; regional municipality
10,17,1,4,"north sea, 0.0407, 20, 128 ; island north, 0.0182, 15, 34 ; island north sea, 0.0182, 15, 34 ; energy islands north, 0.0138, 10, 26 ; islands north sea, 0.0136, 10, 26",0.7121,1.0,north sea ; island north ; island north sea ; energy islands north ; islands north sea
11,11,9,0,"open door, 0.0163, 4, 25 ; one must, 0.0157, 5, 8 ; state aid, 0.0127, 6, 13 ; 10 million, 0.0124, 2, 4 ; danish energy agency, 0.0114, 9, 33",0.2367,1.0,open door ; one must ; state aid ; 10 million ; danish energy agency
12,13,2,0,"offshore wind, 0.0305, 15, 98 ; danish energy, 0.0246, 11, 26 ; danish energy agency, 0.0226, 8, 23 ; energy agency, 0.0224, 8, 23 ; wind turbines, 0.0208, 13, 41",0.7644,1.0,offshore wind ; danish energy ; danish energy agency ; energy agency ; wind turbines
13,3,0,0,"green fuels, 0.0692, 2, 12 ; green hydrogen, 0.0677, 1, 9 ; says henrik, 0.0239, 1, 2 ; million dkk, 0.0226, 0, 0 ; per cent, 0.0205, 1, 2",0.4,1.0,green fuels ; green hydrogen ; says henrik ; million dkk ; per cent
14,3,0,0,"data center, 0.3339, 3, 53 ; data centers, 0.1359, 3, 17 ; energy island north, 0.0330, 3, 6 ; island north, 0.0310, 3, 6 ; island north sea, 0.0310, 3, 6",1.0,1.0,data center ; data centers ; energy island north ; island north ; island north sea
15,9,51,0,"islands bornholm, 0.0247, 48, 264 ; energy islands bornholm, 0.0245, 48, 264 ; energy islands, 0.0183, 58, 378 ; søren møller christensen, 0.0065, 10, 37 ; møller christensen, 0.0065, 10, 37",0.7067,1.0,islands bornholm ; energy islands bornholm ; energy islands ; søren møller christensen ; møller christensen
16,0,25,0,"center bornholm, 0.0347, 13, 57 ; business center, 0.0306, 10, 44 ; business center bornholm, 0.0288, 10, 41 ; bornholm companies, 0.0216, 12, 33 ; press release, 0.0180, 7, 19",0.4427,1.0,center bornholm ; business center ; business center bornholm ; bornholm companies ; press release
17,0,12,0,"baltic sea, 0.0545, 10, 40 ; rønne harbor, 0.0454, 8, 20 ; thomas bendtsen, 0.0307, 2, 10 ; wind turbines, 0.0185, 8, 27 ; gas station, 0.0164, 3, 7",0.5944,1.0,baltic sea ; rønne harbor ; thomas bendtsen ; wind turbines ; gas station
18,0,5,0,"district heating, 0.0572, 4, 13 ; waste heat, 0.0350, 2, 7 ; year ago, 0.0301, 1, 2 ; heat pumps, 0.0290, 2, 5 ; surplus heat, 0.0271, 2, 11",0.4933,1.0,district heating ; waste heat ; year ago ; heat pumps ; surplus heat
19,0,5,0,"jens hjul, 0.0811, 3, 20 ; jens hjul nielsen, 0.0737, 0, 0 ; hjul nielsen, 0.0737, 0, 0 ; campus bornholm, 0.0611, 1, 6 ; electricity network, 0.0370, 2, 5",0.2533,1.0,jens hjul ; jens hjul nielsen ; hjul nielsen ; campus bornholm ; electricity network
20,0,9,0,"social democracy, 0.0458, 6, 29 ; election campaign, 0.0456, 4, 13 ; peter juel jensen, 0.0399, 0, 0 ; juel jensen, 0.0396, 0, 0 ; peter juel, 0.0396, 4, 23",0.3704,1.0,social democracy ; election campaign ; peter juel jensen ; juel jensen ; peter juel
21,1,47,1,"land plant, 0.0225, 25, 82 ; land facility, 0.0109, 24, 47 ; consultation response, 0.0095, 9, 18 ; green energy, 0.0095, 18, 33 ; land facilities, 0.0091, 8, 9",0.3973,1.0,land plant ; land facility ; consultation response ; green energy ; land facilities
22,0,10,0,"land facility, 0.0429, 8, 16 ; high voltage, 0.0407, 4, 5 ; architectural competition, 0.0331, 3, 12 ; fridrik adamsson, 0.0262, 2, 8 ; søgaard mikkelsen, 0.0258, 3, 8",0.48,1.0,land facility ; high voltage ; architectural competition ; fridrik adamsson ; søgaard mikkelsen
23,4,16,0,"magnus brogaard, 0.0139, 6, 26 ; offshore wind, 0.0117, 17, 126 ; cip foundation, 0.0099, 1, 10 ; 000 tonnes, 0.0085, 3, 8 ; offshore wind farms, 0.0084, 13, 52",0.4,1.0,magnus brogaard ; offshore wind ; cip foundation ; 000 tonnes ; offshore wind farms
24,0,14,0,"social democracy, 0.0620, 11, 92 ; people meeting, 0.0487, 0, 0 ; municipal council, 0.0337, 10, 52 ; group chairman, 0.0198, 8, 19 ; larsen jensen, 0.0184, 0, 0",0.481,1.0,social democracy ; people meeting ; municipal council ; group chairman ; larsen jensen
25,1,53,0,"municipal council, 0.0194, 24, 100 ; energy island, 0.0158, 54, 400 ; election campaign, 0.0113, 3, 8 ; jacob trøst, 0.0106, 23, 49 ; social democracy, 0.0094, 12, 82",0.4975,1.0,municipal council ; energy island ; election campaign ; jacob trøst ; social democracy
26,0,28,0,"really good, 0.0349, 1, 1 ; business park, 0.0281, 13, 87 ; energy parks, 0.0150, 6, 20 ; center bornholm, 0.0128, 7, 18 ; green business, 0.0100, 10, 31",0.2357,1.0,really good ; business park ; energy parks ; center bornholm ; green business
27,0,21,0,"climate plan, 0.0289, 2, 25 ; lars aagaard, 0.0208, 10, 27 ; jacob trøst, 0.0185, 12, 36 ; morten riis, 0.0143, 1, 10 ; climate energy, 0.0127, 5, 7",0.2952,1.0,climate plan ; lars aagaard ; jacob trøst ; morten riis ; climate energy
28,1,17,2,"electricity prices, 0.0416, 7, 10 ; electricity grid, 0.0354, 14, 76 ; bornholm electricity, 0.0321, 12, 48 ; bornholm electricity grid, 0.0238, 12, 35 ; el net, 0.0213, 2, 2",0.51,1.0,electricity prices ; electricity grid ; bornholm electricity ; bornholm electricity grid ; el net
29,0,14,0,"local plan, 0.0257, 6, 14 ; land plant, 0.0242, 9, 23 ; frederik tolstrup, 0.0193, 1, 8 ; land facility, 0.0187, 8, 17 ; kim søgaard mikkelsen, 0.0184, 4, 9",0.4238,1.0,local plan ; land plant ; frederik tolstrup ; land facility ; kim søgaard mikkelsen
30,0,1,0,"jonna nielsen, 0.1064, 1, 7 ; linda kofoed persson, 0.0728, 1, 5 ; kofoed persson, 0.0728, 1, 5 ; linda kofoed, 0.0728, 1, 5 ; morten riis, 0.0550, 1, 4",1.0,1.0,jonna nielsen ; linda kofoed persson ; kofoed persson ; linda kofoed ; morten riis
31,0,10,0,"baltic sea, 0.0873, 10, 61 ; security policy, 0.0568, 6, 18 ; baltic bridge, 0.0320, 4, 11 ; critical infrastructure, 0.0299, 2, 5 ; war ukraine, 0.0184, 4, 8",0.6267,1.0,baltic sea ; security policy ; baltic bridge ; critical infrastructure ; war ukraine
32,2,13,0,"kriegers flak, 0.0537, 1, 6 ; local plan, 0.0329, 6, 48 ; ole sonne, 0.0283, 1, 11 ; land plant, 0.0196, 9, 28 ; high voltage station, 0.0196, 5, 9",0.2444,1.0,kriegers flak ; local plan ; ole sonne ; land plant ; high voltage station
33,0,5,0,"business fund, 0.0771, 2, 27 ; total dkk, 0.0484, 3, 14 ; says thomas, 0.0335, 1, 5 ; next year, 0.0326, 1, 2 ; bornholm business, 0.0322, 2, 17",0.3867,1.0,business fund ; total dkk ; says thomas ; next year ; bornholm business
34,0,9,0,"bornholm museum, 0.1566, 9, 38 ; finn ole, 0.0491, 1, 25 ; ole sonne, 0.0336, 1, 19 ; feasibility studies, 0.0230, 3, 6 ; says jacob, 0.0227, 3, 6",0.4519,1.0,bornholm museum ; finn ole ; ole sonne ; feasibility studies ; says jacob
35,0,26,0,"energy islands bornholm, 0.0166, 16, 63 ; islands bornholm, 0.0166, 16, 63 ; energy island, 0.0166, 26, 192 ; energy islands, 0.0109, 24, 89 ; south bornholm, 0.0102, 6, 11",0.7077,1.0,energy islands bornholm ; islands bornholm ; energy island ; energy islands ; south bornholm
36,2,39,0,"baltic energy, 0.0157, 18, 54 ; baltic energy island, 0.0150, 17, 51 ; rønne harbor, 0.0147, 17, 41 ; united states, 0.0115, 2, 8 ; green transition, 0.0080, 17, 38",0.374,1.0,baltic energy ; baltic energy island ; rønne harbor ; united states ; green transition
37,1,8,0,"baltic sea, 0.0369, 5, 24 ; submarine cable, 0.0319, 4, 14 ; environmental impact, 0.0307, 4, 17 ; bornholm zealand, 0.0277, 5, 10 ; danish environmental protection, 0.0277, 4, 14",0.4963,1.0,baltic sea ; submarine cable ; environmental impact ; bornholm zealand ; danish environmental protection
38,0,16,0,"municipal council, 0.0379, 12, 45 ; savings catalog, 0.0315, 7, 22 ; next year, 0.0284, 10, 31 ; 000 kroner, 0.0255, 5, 20 ; social democracy, 0.0240, 8, 39",0.5667,1.0,municipal council ; savings catalog ; next year ; 000 kroner ; social democracy
39,0,3,0,"cultural identity, 0.2315, 3, 19 ; young people, 0.0657, 1, 6 ; starting point, 0.0371, 1, 2 ; lag bornholm, 0.0365, 2, 3 ; give us, 0.0219, 1, 1",0.6,1.0,cultural identity ; young people ; starting point ; lag bornholm ; give us
40,0,2,0,"henrik espersen, 0.1578, 2, 12 ; nuclear power, 0.0602, 1, 6 ; offshore wind, 0.0446, 2, 17 ; wind turbines, 0.0429, 2, 10 ; offshore wind turbines, 0.0424, 2, 7",0.8667,1.0,henrik espersen ; nuclear power ; offshore wind ; wind turbines ; offshore wind turbines
41,0,34,0,"young people, 0.0197, 6, 25 ; labor market, 0.0190, 6, 10 ; green transition, 0.0122, 14, 36 ; municipal council, 0.0096, 12, 29 ; island also, 0.0090, 2, 2",0.2392,1.0,young people ; labor market ; green transition ; municipal council ; island also
42,0,11,0,"anne thomas, 0.1002, 8, 77 ; social democracy, 0.0733, 11, 61 ; top candidate, 0.0605, 7, 33 ; says anne thomas, 0.0350, 4, 26 ; says anne, 0.0340, 4, 26",0.7091,1.0,anne thomas ; social democracy ; top candidate ; says anne thomas ; says anne
43,2,16,0,"nuclear power, 0.0384, 2, 45 ; says peter, 0.0184, 3, 11 ; energy agency, 0.0172, 6, 26 ; general meeting, 0.0160, 3, 6 ; danish energy agency, 0.0160, 5, 24",0.1889,0.0,nuclear power ; says peter ; energy agency ; general meeting ; danish energy agency
44,0,17,0,"plan strategy, 0.0174, 2, 30 ; chresten andersen, 0.0142, 1, 6 ; niels chresten andersen, 0.0142, 1, 6 ; niels chresten, 0.0142, 1, 6 ; regional municipality, 0.0133, 8, 13",0.1059,0.0,plan strategy ; chresten andersen ; niels chresten andersen ; niels chresten ; regional municipality
45,0,4,0,"local plan, 0.1157, 1, 1 ; green business, 0.0943, 3, 14 ; large scale, 0.0849, 0, 0 ; green business park, 0.0598, 3, 10 ; business park, 0.0484, 3, 10",0.4333,1.0,local plan ; green business ; large scale ; green business park ; business park
46,0,4,0,"food school, 0.1241, 4, 29 ; søren schow, 0.0746, 4, 25 ; business park, 0.0711, 4, 28 ; heidi burgedahl, 0.0411, 4, 12 ; municipal council, 0.0403, 4, 19",1.0,1.0,food school ; søren schow ; business park ; heidi burgedahl ; municipal council
47,1,36,0,"energy islands bornholm, 0.0126, 26, 85 ; islands bornholm, 0.0126, 26, 85 ; baltic sea, 0.0120, 18, 36 ; gas station, 0.0110, 5, 7 ; electric cars, 0.0107, 2, 10",0.5405,1.0,energy islands bornholm ; islands bornholm ; baltic sea ; gas station ; electric cars
48,3,30,0,"offshore wind, 0.0281, 32, 251 ; bornholm offshore wind, 0.0271, 6, 8 ; bornholm offshore, 0.0264, 6, 8 ; offshore wind farm, 0.0141, 28, 97 ; open door, 0.0135, 9, 33",0.5394,1.0,offshore wind ; bornholm offshore wind ; bornholm offshore ; offshore wind farm ; open door
49,0,0,7,"even though, 0.1012, 1, 1 ; energy island, 0.1007, 6, 12 ; elsevier ltd, 0.0775, 2, 2 ; wave energy, 0.0723, 1, 2 ; real time, 0.0651, 0, 0",0.3524,1.0,even though ; energy island ; elsevier ltd ; wave energy ; real time
50,0,1,21,"wave energy, 0.1071, 4, 11 ; renewable energy, 0.0879, 14, 28 ; energy conversion, 0.0471, 2, 2 ; energy energy, 0.0398, 0, 0 ; wind energy, 0.0344, 4, 9",0.2606,1.0,wave energy ; renewable energy ; energy conversion ; energy energy ; wind energy
51,0,0,3,"energy island, 0.3228, 3, 3 ; wind power, 0.0878, 1, 5 ; energy consumption, 0.0802, 1, 1 ; results show, 0.0764, 1, 1 ; rights reserved, 0.0649, 1, 1",0.5556,1.0,energy island ; wind power ; energy consumption ; results show ; rights reserved
52,0,0,6,"new energy, 0.1300, 4, 4 ; control strategy, 0.1194, 2, 3 ; reactive power, 0.0888, 3, 4 ; power grid, 0.0620, 2, 2 ; grid frequency, 0.0553, 2, 3",0.4778,1.0,new energy ; control strategy ; reactive power ; power grid ; grid frequency
53,0,0,14,"offshore energy, 0.0810, 8, 26 ; energy hubs, 0.0797, 7, 21 ; offshore energy hubs, 0.0628, 5, 17 ; oil gas, 0.0400, 4, 7 ; energy hub, 0.0391, 10, 31",0.481,1.0,offshore energy ; energy hubs ; offshore energy hubs ; oil gas ; energy hub
54,0,0,3,"case studies, 0.1545, 2, 2 ; paper proposes, 0.1172, 2, 2 ; danish energy, 0.1150, 3, 3 ; energy island bornholm, 0.0971, 2, 2 ; island bornholm, 0.0911, 2, 2",0.7333,1.0,case studies ; paper proposes ; danish energy ; energy island bornholm ; island bornholm
55,2,0,19,"hydrogen production, 0.0770, 13, 27 ; green hydrogen, 0.0640, 11, 21 ; energy system, 0.0288, 7, 17 ; offshore wind, 0.0222, 15, 33 ; wind power, 0.0218, 6, 13",0.527,1.0,hydrogen production ; green hydrogen ; energy system ; offshore wind ; wind power
56,0,0,15,"energy systems, 0.1001, 6, 10 ; energy system, 0.0686, 7, 12 ; power systems, 0.0582, 5, 5 ; energy island, 0.0569, 9, 12 ; results show, 0.0438, 6, 6",0.4311,1.0,energy systems ; energy system ; power systems ; energy island ; results show
57,1,0,27,"energy system, 0.0652, 16, 37 ; renewable energy, 0.0605, 17, 29 ; elsevier ltd, 0.0403, 13, 13 ; energy sources, 0.0360, 9, 11 ; energy transition, 0.0303, 8, 9",0.5071,1.0,energy system ; renewable energy ; elsevier ltd ; energy sources ; energy transition
58,0,0,15,"high voltage direct, 0.0311, 4, 5 ; voltage direct, 0.0311, 8, 11 ; voltage direct current, 0.0311, 7, 10 ; power supply, 0.0308, 2, 3 ; offshore grid, 0.0306, 13, 18",0.4,1.0,high voltage direct ; voltage direct ; voltage direct current ; power supply ; offshore grid
59,0,0,6,"sustainable energy, 0.0875, 4, 5 ; energy sources, 0.0685, 4, 4 ; renewable energy, 0.0656, 4, 8 ; energy production, 0.0553, 2, 3 ; renewable energy sources, 0.0524, 3, 3",0.6111,1.0,sustainable energy ; energy sources ; renewable energy ; energy production ; renewable energy sources
60,0,0,1,"important role, 0.2178, 1, 1 ; first time, 0.1943, 1, 1 ; simulation results, 0.1878, 1, 1 ; elsevier ltd, 0.1738, 1, 1 ; long term, 0.1406, 0, 0",0.9333,1.0,important role ; first time ; simulation results ; elsevier ltd ; long term
61,0,0,3,"transmission grid, 0.3997, 3, 20 ; 400 kv, 0.1861, 3, 8 ; transmission system, 0.0523, 3, 3 ; case study, 0.0358, 2, 2 ; energy consumption, 0.0287, 2, 2",0.9333,1.0,transmission grid ; 400 kv ; transmission system ; case study ; energy consumption
62,3,0,3,"north sea, 0.1356, 5, 23 ; million ton, 0.0481, 1, 1 ; construction work, 0.0412, 2, 2 ; united states, 0.0411, 1, 1 ; wave energy, 0.0401, 1, 1",0.4222,1.0,north sea ; million ton ; construction work ; united states ; wave energy
63,0,0,1,"island energy, 0.3833, 1, 1 ; results show, 0.3404, 1, 1 ; energy island, 0.2499, 1, 2",1.0,1.0,island energy ; results show ; energy island
64,0,0,1,"elsevier ltd, 0.7111, 1, 1 ; energy island, 0.2629, 0, 0",0.6667,1.0,elsevier ltd ; energy island
65,0,0,16,"energy island, 0.0514, 8, 8 ; simulation results, 0.0453, 3, 3 ; energy resources, 0.0405, 4, 5 ; paper proposes, 0.0404, 3, 3 ; power system, 0.0391, 4, 7",0.3083,1.0,energy island ; simulation results ; energy resources ; paper proposes ; power system
66,2,0,3,"kriegers flak, 0.1068, 5, 15 ; reactive power, 0.0513, 2, 5 ; offshore wind power, 0.0303, 3, 4 ; wind power, 0.0263, 3, 5 ; meshed offshore, 0.0226, 2, 2",0.6667,1.0,kriegers flak ; reactive power ; offshore wind power ; wind power ; meshed offshore
67,0,0,6,"energy production, 0.1589, 4, 4 ; renewable energy, 0.0955, 4, 4 ; support energy, 0.0771, 3, 3 ; renewable energy sources, 0.0612, 3, 3 ; energy islands, 0.0594, 4, 9",0.6111,1.0,energy production ; renewable energy ; support energy ; renewable energy sources ; energy islands
68,0,0,3,"future energy, 0.3323, 1, 1 ; energy efficiency, 0.0833, 2, 2 ; support energy, 0.0820, 2, 2 ; transition energy, 0.0812, 2, 2 ; energy transition, 0.0796, 2, 2",0.5556,1.0,future energy ; energy efficiency ; support energy ; transition energy ; energy transition
69,0,0,21,"hvdc converter, 0.0563, 8, 15 ; wind power, 0.0404, 11, 17 ; hvdc system, 0.0386, 5, 10 ; offshore wind power, 0.0358, 8, 10 ; offshore hvdc, 0.0353, 5, 8",0.381,1.0,hvdc converter ; wind power ; hvdc system ; offshore wind power ; offshore hvdc
70,0,0,2,"energy systems, 0.5549, 2, 2 ; energy island, 0.4207, 2, 4",1.0,1.0,energy systems ; energy island
71,0,0,11,"sustainable energy, 0.1556, 2, 2 ; energy islands, 0.1438, 5, 7 ; local community, 0.0545, 1, 1 ; results show, 0.0413, 2, 2 ; rights reserved, 0.0363, 2, 2",0.2364,1.0,sustainable energy ; energy islands ; local community ; results show ; rights reserved
72,0,0,3,"five years, 0.2827, 1, 2 ; power plant, 0.2106, 1, 5 ; sustainable energy, 0.1092, 1, 1 ; energy island, 0.0890, 3, 3 ; energy sources, 0.0863, 1, 1",0.4222,1.0,five years ; power plant ; sustainable energy ; energy island ; energy sources
73,0,0,1,"important role, 0.2577, 1, 1 ; power supply, 0.2440, 1, 1 ; power transmission, 0.2389, 1, 1 ; large scale, 0.1661, 0, 0 ; energy island, 0.0625, 0, 0",0.8,1.0,important role ; power supply ; power transmission ; large scale ; energy island
74,0,3,4,"renewable energy, 0.1308, 6, 15 ; create new, 0.0558, 1, 1 ; wind farm, 0.0555, 1, 3 ; sustainable energy, 0.0519, 1, 1 ; make sense, 0.0346, 1, 1",0.381,1.0,renewable energy ; create new ; wind farm ; sustainable energy ; make sense
75,0,0,3,"co2 emissions, 0.1263, 2, 3 ; power supply, 0.1001, 2, 2 ; environmental impact, 0.0995, 2, 2 ; oil gas, 0.0962, 2, 2 ; case study, 0.0929, 2, 2",0.6667,1.0,co2 emissions ; power supply ; environmental impact ; oil gas ; case study
76,0,0,8,"vsc hvdc, 0.2019, 0, 0 ; reactive power, 0.1241, 2, 10 ; new energy, 0.0578, 3, 10 ; converter station, 0.0556, 2, 8 ; hvdc system, 0.0543, 3, 6",0.2,0.0,vsc hvdc ; reactive power ; new energy ; converter station ; hvdc system
77,0,0,7,"energy security, 0.2432, 5, 13 ; energy policy, 0.0949, 3, 3 ; european countries, 0.0829, 2, 3 ; case study, 0.0661, 3, 3 ; energy sector, 0.0582, 2, 2",0.4857,1.0,energy security ; energy policy ; european countries ; case study ; energy sector
78,0,0,12,"reactive power, 0.0862, 8, 24 ; offshore ac, 0.0555, 6, 13 ; wind power, 0.0476, 9, 20 ; wind power plants, 0.0439, 7, 13 ; active power, 0.0348, 9, 31",0.6333,1.0,reactive power ; offshore ac ; wind power ; wind power plants ; active power
79,0,0,28,"dc grid, 0.0447, 8, 18 ; power transmission, 0.0349, 6, 8 ; paper presents, 0.0296, 6, 6 ; power system, 0.0249, 9, 14 ; wind farms, 0.0240, 12, 17",0.2667,1.0,dc grid ; power transmission ; paper presents ; power system ; wind farms
80,0,0,46,"multi terminal, 0.0297, 0, 0 ; vsc hvdc, 0.0289, 2, 3 ; voltage source, 0.0280, 13, 13 ; offshore grids, 0.0242, 12, 14 ; offshore ac, 0.0206, 6, 11",0.1116,0.0,multi terminal ; vsc hvdc ; voltage source ; offshore grids ; offshore ac
81,0,0,4,"dc grid, 0.1409, 2, 3 ; power system, 0.1131, 3, 6 ; multi terminal, 0.1082, 0, 0 ; dc voltage, 0.0895, 1, 1 ; large scale, 0.0776, 0, 0",0.4,1.0,dc grid ; power system ; multi terminal ; dc voltage ; large scale
82,0,0,7,"long term, 0.1497, 1, 2 ; vsc hvdc, 0.0629, 1, 2 ; case study, 0.0533, 4, 4 ; north sea offshore, 0.0530, 3, 3 ; offshore grid, 0.0506, 5, 5",0.3048,1.0,long term ; vsc hvdc ; case study ; north sea offshore ; offshore grid
83,0,0,11,"offshore grid, 0.0964, 10, 16 ; offshore wind, 0.0496, 7, 17 ; power system, 0.0495, 2, 3 ; cost effective, 0.0409, 2, 2 ; wind farms, 0.0356, 5, 6",0.5636,1.0,offshore grid ; offshore wind ; power system ; cost effective ; wind farms
84,1,0,8,"offshore wind, 0.1071, 8, 39 ; offshore wind energy, 0.1040, 5, 12 ; wind energy, 0.0842, 5, 14 ; north sea, 0.0484, 5, 7 ; oil gas, 0.0406, 3, 3",0.6519,1.0,offshore wind ; offshore wind energy ; wind energy ; north sea ; oil gas
85,0,0,18,"ac grid, 0.0365, 2, 7 ; offshore grid, 0.0340, 13, 19 ; grid forming, 0.0284, 0, 0 ; offshore wind power, 0.0268, 8, 10 ; paper proposes, 0.0251, 5, 6",0.3074,1.0,ac grid ; offshore grid ; grid forming ; offshore wind power ; paper proposes
86,5,0,18,"north sea, 0.0406, 16, 36 ; offshore wind, 0.0300, 15, 40 ; renewable energy, 0.0271, 12, 16 ; offshore grid, 0.0257, 14, 23 ; offshore grids, 0.0190, 5, 7",0.6058,1.0,north sea ; offshore wind ; renewable energy ; offshore grid ; offshore grids
87,0,0,15,"offshore grid, 0.0874, 13, 20 ; offshore wind, 0.0675, 12, 26 ; wind farm, 0.0403, 7, 11 ; expansion planning, 0.0390, 4, 8 ; north sea, 0.0337, 7, 7",0.6622,1.0,offshore grid ; offshore wind ; wind farm ; expansion planning ; north sea
88,0,0,5,"energy consumption, 0.2210, 2, 7 ; energy system, 0.1187, 1, 2 ; results show, 0.0708, 1, 1 ; energy sources, 0.0466, 1, 2 ; energy hub, 0.0428, 1, 1",0.2667,1.0,energy consumption ; energy system ; results show ; energy sources ; energy hub
89,0,0,2,"real time, 0.4978, 1, 1",0.5,1.0,real time
90,0,0,9,"large scale, 0.0764, 1, 1 ; transmission system, 0.0724, 3, 9 ; offshore wind, 0.0530, 6, 12 ; vsc hvdc, 0.0428, 1, 1 ; power flow, 0.0413, 2, 5",0.2889,1.0,large scale ; transmission system ; offshore wind ; vsc hvdc ; power flow
91,2,1,30,"offshore grid, 0.1417, 25, 59 ; north sea, 0.0627, 18, 40 ; cross border, 0.0172, 0, 0 ; electricity infrastructure, 0.0170, 2, 2 ; transmission system, 0.0169, 6, 8",0.4182,1.0,offshore grid ; north sea ; cross border ; electricity infrastructure ; transmission system
92,0,0,3,"offshore grids, 0.2545, 3, 3 ; simulation results, 0.2269, 2, 2 ; paper presents, 0.2122, 2, 2 ; grid forming, 0.0448, 1, 1 ; meshed offshore, 0.0429, 1, 1",0.7111,1.0,offshore grids ; simulation results ; paper presents ; grid forming ; meshed offshore
93,0,0,1,"rights reserved, 0.6974, 1, 1 ; energy islands, 0.2791, 0, 0",0.6667,1.0,rights reserved ; energy islands
94,0,0,2,"feasibility study, 0.3502, 2, 2 ; power grid, 0.3292, 2, 2 ; natural gas, 0.3168, 2, 2",1.0,1.0,feasibility study ; power grid ; natural gas
95,1,0,2,"offshore grid, 0.3726, 1, 1 ; long term, 0.1235, 0, 0 ; energy projects, 0.0743, 1, 4 ; elsevier ltd, 0.0738, 1, 1 ; rights reserved, 0.0639, 1, 1",0.2444,1.0,offshore grid ; long term ; energy projects ; elsevier ltd ; rights reserved
96,0,0,2,"form basis, 0.3737, 1, 1 ; district heating, 0.1995, 1, 2 ; energy island, 0.1483, 2, 2 ; energy park, 0.1321, 1, 1 ; electricity generation, 0.1208, 1, 1",0.6,1.0,form basis ; district heating ; energy island ; energy park ; electricity generation
97,0,0,35,"offshore wind, 0.0567, 31, 82 ; wind power, 0.0500, 15, 49 ; offshore grid, 0.0484, 26, 59 ; wind farms, 0.0456, 21, 35 ; offshore wind power, 0.0333, 12, 27",0.661,1.0,offshore wind ; wind power ; offshore grid ; wind farms ; offshore wind power
98,0,0,1,"preliminary study, 0.5205, 1, 1 ; green energy, 0.3081, 0, 0 ; energy island, 0.1464, 1, 1",0.6667,1.0,preliminary study ; green energy ; energy island
99,0,0,7,"grid frequency, 0.1676, 3, 9 ; wind farm, 0.1240, 7, 13 ; offshore grid, 0.0712, 5, 8 ; power flow, 0.0707, 4, 4 ; control strategy, 0.0465, 1, 4",0.6381,1.0,grid frequency ; wind farm ; offshore grid ; power flow ; control strategy
100,0,0,5,"energy island, 0.4112, 1, 1 ; energy islands, 0.2465, 0, 0 ; take place, 0.1681, 1, 2 ; energy system, 0.1314, 1, 1",0.14,0.0,energy island ; energy islands ; take place ; energy system
101,0,0,2,"energy islands, 0.4842, 1, 1 ; potential energy, 0.3784, 1, 1 ; energy island, 0.0996, 2, 2",0.5833,1.0,energy islands ; potential energy ; energy island
102,0,0,1,"rights reserved, 0.9931, 1, 1",1.0,1.0,rights reserved
103,0,1,10,"energy storage, 0.2064, 9, 17 ; storage system, 0.0491, 3, 4 ; energy system, 0.0472, 3, 10 ; power generation, 0.0441, 3, 3 ; power grid, 0.0301, 1, 4",0.4424,1.0,energy storage ; storage system ; energy system ; power generation ; power grid
104,0,0,1,"energy island, 0.9792, 1, 1",1.0,1.0,energy island
105,0,0,6,"offshore grid, 0.3557, 4, 7 ; wave energy, 0.0791, 1, 1 ; coastal offshore, 0.0675, 1, 1 ; one year, 0.0671, 1, 2 ; well known, 0.0609, 0, 0",0.3222,1.0,offshore grid ; wave energy ; coastal offshore ; one year ; well known
106,0,0,1,"short time, 0.6140, 1, 1 ; energy islands, 0.3695, 1, 2",1.0,1.0,short time ; energy islands
107,0,0,1,"elsevier ltd, 0.4324, 1, 1 ; rights reserved, 0.3891, 1, 1 ; energy islands, 0.1498, 0, 0",0.8333,1.0,elsevier ltd ; rights reserved ; energy islands
108,0,0,2,"data center, 0.2211, 1, 1 ; long term, 0.1950, 0, 0 ; 42 000, 0.1738, 0, 0 ; km coast, 0.1539, 1, 1 ; short term, 0.1446, 0, 0",0.2333,1.0,data center ; long term ; 42 000 ; km coast ; short term
