Source,cluster,count,TF_IDF_topic_name,percentage_of_documents,percentage_limit,Topic_terms
pro,0,9,"kattegat connection, 0.0254, 1, 10 ; co2 emissions, 0.0252, 6, 20 ; road directorate, 0.0229, 1, 9 ; co2 tax, 0.0207, 6, 12 ; district heating, 0.0180, 5, 21",0.363,1.0,kattegat connection ; co2 emissions ; road directorate ; co2 tax ; district heating
pro,1,31,"energy island, 0.0159, 29, 269 ; energy islands, 0.0080, 26, 143 ; wind turbines, 0.0071, 22, 61 ; artificial island, 0.0066, 6, 12 ; early 2030s, 0.0066, 1, 3",0.7054,1.0,energy island ; energy islands ; wind turbines ; artificial island ; early 2030s
pro,2,1,"marine mammals, 0.2250, 1, 6 ; per cent, 0.0777, 1, 3 ; rønne banke, 0.0684, 1, 2 ; must used, 0.0636, 1, 2 ; baltic sea, 0.0546, 1, 3",1.0,1.0,marine mammals ; per cent ; rønne banke ; must used ; baltic sea
pro,3,5,"end muffler, 0.0390, 1, 13 ; market design, 0.0366, 1, 17 ; anders pallesen, 0.0234, 1, 6 ; kriegers flak, 0.0204, 2, 8 ; electricity system, 0.0185, 3, 8",0.2533,1.0,end muffler ; market design ; anders pallesen ; kriegers flak ; electricity system
pro,4,18,"nuclear power, 0.0183, 2, 22 ; bent lauritzen, 0.0146, 1, 14 ; 70 percent, 0.0129, 10, 22 ; climate act, 0.0108, 7, 27 ; electricity consumption, 0.0096, 7, 24",0.2407,1.0,nuclear power ; bent lauritzen ; 70 percent ; climate act ; electricity consumption
pro,5,1,"light pollution, 0.5425, 1, 15 ; energy projects, 0.1152, 1, 4 ; marine environment, 0.0572, 1, 2 ; square kilometers, 0.0571, 1, 2 ; environmental impact, 0.0498, 1, 2",1.0,1.0,light pollution ; energy projects ; marine environment ; square kilometers ; environmental impact
pro,6,13,"wave power, 0.0253, 1, 15 ; shipping industry, 0.0202, 1, 7 ; sensors wings, 0.0158, 1, 6 ; converter stations, 0.0136, 2, 12 ; open door, 0.0100, 2, 8",0.0923,0.0,wave power ; shipping industry ; sensors wings ; converter stations ; open door
pro,7,1,"quantum computers, 0.1691, 1, 13 ; brynjar sævarsson, 0.1431, 1, 11 ; quantum computer, 0.1431, 1, 24 ; says brynjar sævarsson, 0.0910, 1, 7 ; says brynjar, 0.0910, 1, 7",1.0,1.0,quantum computers ; brynjar sævarsson ; quantum computer ; says brynjar sævarsson ; says brynjar
pro,8,5,"la cour, 0.0887, 1, 21 ; tejs vegge, 0.0711, 2, 16 ; says tejs vegge, 0.0363, 2, 8 ; says tejs, 0.0342, 2, 8 ; experimental mill, 0.0310, 1, 7",0.32,1.0,la cour ; tejs vegge ; says tejs vegge ; says tejs ; experimental mill
pro,9,4,"philip fosbøl, 0.0561, 1, 9 ; million tonnes, 0.0413, 4, 15 ; biogas denmark, 0.0387, 2, 11 ; co2 biogas, 0.0279, 2, 12 ; climate council, 0.0277, 3, 14",0.5667,1.0,philip fosbøl ; million tonnes ; biogas denmark ; co2 biogas ; climate council
pro,10,1,"make easier, 0.1526, 1, 5 ; labor market, 0.1525, 1, 5 ; danish companies, 0.1161, 1, 4 ; danish business, 0.0836, 1, 3 ; denmark says, 0.0807, 0, 0",0.9333,1.0,make easier ; labor market ; danish companies ; danish business ; denmark says
pro,11,2,"oil gas, 0.0530, 1, 2 ; energy consumption, 0.0494, 1, 2 ; green tax, 0.0349, 1, 1 ; turbine projects, 0.0330, 2, 2 ; wind turbine projects, 0.0330, 2, 2",0.6,1.0,oil gas ; energy consumption ; green tax ; turbine projects ; wind turbine projects
pro,12,15,"natural gas, 0.0170, 4, 20 ; nuclear power, 0.0152, 1, 25 ; cip foundation, 0.0139, 1, 10 ; hydrogen produced, 0.0109, 4, 8 ; ptx plants, 0.0103, 4, 8",0.1733,0.0,natural gas ; nuclear power ; cip foundation ; hydrogen produced ; ptx plants
pro,13,2,"morten hesselager, 0.1124, 2, 14 ; morten hesselager pedersen, 0.1124, 2, 14 ; hesselager pedersen, 0.1124, 2, 14 ; says morten hesselager, 0.0482, 2, 6 ; maersk oil, 0.0482, 2, 6",1.0,1.0,morten hesselager ; morten hesselager pedersen ; hesselager pedersen ; says morten hesselager ; maersk oil
pro,14,3,"wind turbines solar, 0.0649, 0, 0 ; turbines solar cells, 0.0649, 0, 0 ; turbines solar, 0.0649, 0, 0 ; electricity consumption, 0.0630, 2, 4 ; solar cells, 0.0615, 2, 3",0.1333,0.0,wind turbines solar ; turbines solar cells ; turbines solar ; electricity consumption ; solar cells
pro,15,1,"per cent, 0.1139, 1, 4 ; last year, 0.0942, 1, 4 ; private companies, 0.0717, 1, 2 ; reduce co2 emissions, 0.0716, 1, 2 ; public private, 0.0688, 1, 2",1.0,1.0,per cent ; last year ; private companies ; reduce co2 emissions ; public private
pro,16,4,"christian bueger, 0.0789, 1, 7 ; port extensions, 0.0522, 1, 11 ; jesper andersen, 0.0332, 1, 7 ; environmental assessment, 0.0295, 1, 12 ; sea area, 0.0254, 2, 7",0.2667,1.0,christian bueger ; port extensions ; jesper andersen ; environmental assessment ; sea area
pro,17,23,"north sea, 0.0216, 23, 146 ; energy island, 0.0147, 23, 224 ; island north sea, 0.0136, 18, 47 ; island north, 0.0136, 18, 47 ; ørsted atp, 0.0134, 2, 7",0.8667,1.0,north sea ; energy island ; island north sea ; island north ; ørsted atp
pro,18,1,"kjeld pedersen, 0.3141, 1, 11 ; solar cell, 0.2127, 1, 11 ; high temperatures, 0.1322, 1, 5 ; aalborg university, 0.0473, 1, 3 ; says professor, 0.0225, 1, 1",1.0,1.0,kjeld pedersen ; solar cell ; high temperatures ; aalborg university ; says professor
pro,19,15,"offshore wind, 0.0273, 15, 109 ; global wind, 0.0204, 3, 9 ; wind turbines, 0.0154, 14, 46 ; offshore wind turbines, 0.0117, 9, 18 ; green sector, 0.0111, 1, 7",0.6578,1.0,offshore wind ; global wind ; wind turbines ; offshore wind turbines ; green sector
pro,20,3,"green hydrogen, 0.0560, 1, 9 ; fuels denmark, 0.0455, 2, 9 ; green fuels denmark, 0.0451, 2, 8 ; green fuels, 0.0405, 2, 12 ; henrik wenzel, 0.0202, 1, 3",0.5333,1.0,green hydrogen ; fuels denmark ; green fuels denmark ; green fuels ; henrik wenzel
pro,21,3,"data center, 0.1864, 3, 53 ; data centers, 0.0740, 3, 17 ; underwater data, 0.0559, 2, 8 ; global connect, 0.0417, 1, 10 ; luke davies, 0.0375, 1, 9",0.8,1.0,data center ; data centers ; underwater data ; global connect ; luke davies
pro,22,20,"energy islands bornholm, 0.0174, 15, 57 ; islands bornholm, 0.0174, 15, 57 ; høje taastrup, 0.0134, 1, 1 ; transformer station, 0.0114, 4, 12 ; hanne storm, 0.0103, 3, 28",0.4967,1.0,energy islands bornholm ; islands bornholm ; høje taastrup ; transformer station ; hanne storm
reg,0,13,"electric car, 0.0249, 2, 17 ; green island, 0.0239, 5, 10 ; electric cars, 0.0197, 1, 9 ; bright green island, 0.0197, 4, 9 ; bright green, 0.0193, 4, 9",0.2308,1.0,electric car ; green island ; electric cars ; bright green island ; bright green
reg,1,2,"artificial island, 0.1717, 2, 2 ; new year, 0.1627, 2, 2 ; bornholm energy island, 0.1473, 2, 2 ; north sea, 0.1182, 2, 2 ; must also, 0.1110, 2, 2",1.0,1.0,artificial island ; new year ; bornholm energy island ; north sea ; must also
reg,2,6,"electrolysis plant, 0.0506, 3, 10 ; klaus vesløv, 0.0447, 2, 16 ; business promotion, 0.0253, 2, 7 ; says søren, 0.0220, 1, 4 ; says klaus vesløv, 0.0218, 2, 7",0.3667,1.0,electrolysis plant ; klaus vesløv ; business promotion ; says søren ; says klaus vesløv
reg,3,1,"bornholm ii, 0.4526, 1, 6 ; det er, 0.2816, 1, 6 ; kriegers flak, 0.2216, 1, 6 ; el net, 0.0421, 0, 0",0.9,1.0,bornholm ii ; det er ; kriegers flak ; el net
reg,4,21,"center bornholm, 0.0357, 14, 60 ; business center, 0.0330, 11, 47 ; business center bornholm, 0.0311, 11, 44 ; bornholm companies, 0.0271, 13, 40 ; ready energy, 0.0191, 6, 12",0.5683,1.0,center bornholm ; business center ; business center bornholm ; bornholm companies ; ready energy
reg,5,1,"regional municipality, 0.0866, 1, 6 ; take account, 0.0865, 1, 3 ; year round, 0.0629, 0, 0 ; build new, 0.0604, 1, 2 ; create growth, 0.0574, 1, 2",0.8,1.0,regional municipality ; take account ; year round ; build new ; create growth
reg,6,12,"baltic sea, 0.0599, 11, 46 ; rønne harbor, 0.0340, 8, 21 ; thomas bendtsen, 0.0294, 2, 10 ; critical infrastructure, 0.0257, 1, 3 ; debate salon, 0.0230, 2, 5",0.5389,1.0,baltic sea ; rønne harbor ; thomas bendtsen ; critical infrastructure ; debate salon
reg,7,7,"hanne storm, 0.0237, 2, 9 ; storm edlefsen, 0.0202, 2, 7 ; hanne storm edlefsen, 0.0202, 2, 7 ; wind farms, 0.0185, 4, 17 ; feasibility studies, 0.0174, 3, 6",0.3333,1.0,hanne storm ; storm edlefsen ; hanne storm edlefsen ; wind farms ; feasibility studies
reg,8,3,"district heating, 0.0829, 3, 12 ; waste heat, 0.0549, 2, 7 ; heat pumps, 0.0501, 2, 5 ; board directors, 0.0449, 2, 5 ; climate friendly, 0.0348, 0, 0",0.7333,1.0,district heating ; waste heat ; heat pumps ; board directors ; climate friendly
reg,9,5,"national center, 0.0478, 4, 29 ; center green, 0.0295, 4, 20 ; center green energy, 0.0294, 4, 19 ; energy company, 0.0294, 1, 3 ; national center green, 0.0293, 3, 18",0.7067,1.0,national center ; center green ; center green energy ; energy company ; national center green
reg,10,4,"jens hjul, 0.0911, 3, 20 ; jens hjul nielsen, 0.0820, 0, 0 ; hjul nielsen, 0.0820, 0, 0 ; trefor el net, 0.0416, 0, 0 ; trefor el, 0.0416, 2, 6",0.2833,1.0,jens hjul ; jens hjul nielsen ; hjul nielsen ; trefor el net ; trefor el
reg,11,19,"energy agency, 0.0421, 15, 60 ; danish energy agency, 0.0421, 15, 60 ; danish energy, 0.0407, 15, 60 ; offshore wind, 0.0230, 18, 118 ; offshore wind farms, 0.0166, 14, 41",0.807,1.0,energy agency ; danish energy agency ; danish energy ; offshore wind ; offshore wind farms
reg,12,2,"bornholm agriculture, 0.1059, 2, 9 ; biogas plant, 0.0920, 2, 8 ; says thomas, 0.0818, 2, 7 ; 000 tonnes, 0.0691, 2, 6 ; co2 emissions, 0.0288, 2, 3",1.0,1.0,bornholm agriculture ; biogas plant ; says thomas ; 000 tonnes ; co2 emissions
reg,13,11,"offshore wind, 0.0485, 11, 144 ; bornholm offshore wind, 0.0416, 1, 2 ; bornholm offshore, 0.0405, 1, 2 ; wind farm, 0.0338, 11, 61 ; initiative group, 0.0316, 7, 33",0.5515,1.0,offshore wind ; bornholm offshore wind ; bornholm offshore ; wind farm ; initiative group
reg,14,1,"election campaign, 0.1397, 1, 6 ; case processing, 0.0531, 1, 2 ; christian democrats, 0.0450, 1, 2 ; people party, 0.0347, 0, 0 ; many years, 0.0327, 1, 2",0.8667,1.0,election campaign ; case processing ; christian democrats ; people party ; many years
reg,15,6,"lea wermelin, 0.0652, 6, 22 ; election campaign, 0.0626, 3, 12 ; young people, 0.0219, 2, 8 ; peter juel, 0.0209, 3, 12 ; social democracy, 0.0203, 4, 7",0.6444,1.0,lea wermelin ; election campaign ; young people ; peter juel ; social democracy
reg,16,3,"renewable energy, 0.0603, 2, 8 ; energy solutions, 0.0581, 1, 4 ; solar cells, 0.0532, 1, 3 ; make sure, 0.0475, 2, 4 ; green transition, 0.0418, 3, 7",0.5333,1.0,renewable energy ; energy solutions ; solar cells ; make sure ; green transition
reg,17,32,"united states, 0.0136, 1, 7 ; transformer station, 0.0122, 12, 28 ; wind turbines, 0.0089, 22, 78 ; offshore wind, 0.0080, 21, 100 ; baltic sea, 0.0070, 14, 47",0.3646,1.0,united states ; transformer station ; wind turbines ; offshore wind ; baltic sea
reg,18,33,"land plant, 0.0179, 17, 47 ; energy island, 0.0097, 33, 146 ; bornholm agriculture, 0.0092, 2, 2 ; consultation response, 0.0089, 7, 13 ; reader letter, 0.0085, 2, 2",0.4828,1.0,land plant ; energy island ; bornholm agriculture ; consultation response ; reader letter
reg,19,10,"high voltage, 0.0386, 4, 5 ; land facility, 0.0308, 8, 16 ; architectural competition, 0.0274, 3, 12 ; mikael benzon, 0.0227, 3, 8 ; kim søgaard mikkelsen, 0.0217, 3, 8",0.4667,1.0,high voltage ; land facility ; architectural competition ; mikael benzon ; kim søgaard mikkelsen
reg,20,5,"make bornholm, 0.0293, 2, 4 ; new year, 0.0279, 4, 5 ; green fuel, 0.0234, 3, 4 ; bornholm line, 0.0177, 1, 2 ; municipality economy, 0.0163, 0, 0",0.4933,1.0,make bornholm ; new year ; green fuel ; bornholm line ; municipality economy
reg,21,2,"power plant, 0.1569, 2, 16 ; old power plant, 0.0598, 2, 4 ; old power, 0.0592, 2, 4 ; bornholm museum, 0.0323, 1, 2 ; baltic energy island, 0.0290, 2, 3",0.9333,1.0,power plant ; old power plant ; old power ; bornholm museum ; baltic energy island
reg,22,11,"voltage station, 0.0287, 9, 30 ; high voltage station, 0.0265, 9, 16 ; high voltage, 0.0243, 9, 19 ; citizens association, 0.0157, 0, 0 ; citizens meeting, 0.0154, 0, 0",0.6545,1.0,voltage station ; high voltage station ; high voltage ; citizens association ; citizens meeting
reg,23,18,"business park, 0.0260, 10, 53 ; social democracy, 0.0235, 6, 79 ; association energy islands, 0.0135, 4, 11 ; association energy, 0.0133, 4, 11 ; citizens association, 0.0118, 0, 0",0.3481,1.0,business park ; social democracy ; association energy islands ; association energy ; citizens association
reg,24,11,"electricity grid, 0.0336, 8, 42 ; submarine cable, 0.0269, 7, 18 ; bornholm electricity, 0.0222, 7, 18 ; bornholm electricity grid, 0.0165, 7, 13 ; technical solution, 0.0150, 4, 16",0.6485,1.0,electricity grid ; submarine cable ; bornholm electricity ; bornholm electricity grid ; technical solution
reg,25,12,"social democracy, 0.0575, 11, 76 ; municipal council, 0.0246, 9, 36 ; larsen jensen, 0.0224, 0, 0 ; claus larsen jensen, 0.0216, 0, 0 ; claus larsen, 0.0216, 7, 24",0.5444,1.0,social democracy ; municipal council ; larsen jensen ; claus larsen jensen ; claus larsen
reg,26,44,"municipal council, 0.0170, 25, 87 ; election campaign, 0.0134, 3, 8 ; energy island, 0.0127, 44, 298 ; municipal elections, 0.0098, 1, 1 ; jacob trøst, 0.0085, 21, 49",0.4424,1.0,municipal council ; election campaign ; energy island ; municipal elections ; jacob trøst
reg,27,9,"home guard, 0.0543, 1, 19 ; niels chresten, 0.0478, 4, 10 ; niels chresten andersen, 0.0478, 4, 10 ; chresten andersen, 0.0478, 4, 10 ; baltic sea, 0.0442, 7, 35",0.3556,1.0,home guard ; niels chresten ; niels chresten andersen ; chresten andersen ; baltic sea
reg,28,19,"lars aagaard, 0.0237, 11, 28 ; climate energy, 0.0133, 4, 5 ; climate energy supply, 0.0126, 1, 1 ; jacob trøst, 0.0125, 10, 32 ; energy supply, 0.0095, 9, 22",0.3614,1.0,lars aagaard ; climate energy ; climate energy supply ; jacob trøst ; energy supply
reg,29,12,"local plan, 0.0257, 6, 14 ; frederik tolstrup, 0.0205, 1, 8 ; kim søgaard mikkelsen, 0.0199, 4, 9 ; søgaard mikkelsen, 0.0199, 4, 9 ; kim søgaard, 0.0199, 4, 9",0.3222,1.0,local plan ; frederik tolstrup ; kim søgaard mikkelsen ; søgaard mikkelsen ; kim søgaard
reg,30,1,"det er, 0.2100, 1, 13 ; jonna nielsen, 0.0817, 1, 7 ; linda kofoed, 0.0554, 1, 5 ; linda kofoed persson, 0.0554, 1, 5 ; kofoed persson, 0.0554, 1, 5",1.0,1.0,det er ; jonna nielsen ; linda kofoed ; linda kofoed persson ; kofoed persson
reg,31,10,"ole sonne, 0.0413, 1, 11 ; local plan, 0.0347, 5, 44 ; high voltage station, 0.0225, 4, 8 ; voltage station, 0.0224, 6, 18 ; local plan area, 0.0213, 4, 18",0.3533,1.0,ole sonne ; local plan ; high voltage station ; voltage station ; local plan area
reg,32,2,"peter juel jensen, 0.0798, 0, 0 ; juel jensen, 0.0793, 0, 0 ; peter juel, 0.0792, 1, 10 ; unity list, 0.0711, 1, 26 ; says peter juel, 0.0598, 1, 6",0.2,0.0,peter juel jensen ; juel jensen ; peter juel ; unity list ; says peter juel
reg,33,13,"people meeting, 0.0526, 0, 0 ; citizens meeting, 0.0155, 0, 0 ; meeting energy, 0.0155, 5, 8 ; meeting energy island, 0.0155, 5, 8 ; citizen meeting, 0.0143, 9, 14",0.1744,0.0,people meeting ; citizens meeting ; meeting energy ; meeting energy island ; citizen meeting
reg,34,5,"baltic sea, 0.0301, 4, 10 ; create new, 0.0206, 2, 3 ; make bornholm, 0.0196, 3, 3 ; development strategy, 0.0182, 1, 5 ; around bornholm, 0.0165, 2, 2",0.5467,1.0,baltic sea ; create new ; make bornholm ; development strategy ; around bornholm
reg,35,3,"business fund, 0.0898, 2, 27 ; bornholm business fund, 0.0706, 2, 17 ; total dkk, 0.0631, 3, 14 ; companies received, 0.0530, 2, 16 ; claus andersen, 0.0346, 0, 0",0.6889,1.0,business fund ; bornholm business fund ; total dkk ; companies received ; claus andersen
reg,36,15,"magnus brogaard, 0.0169, 5, 25 ; cip foundation, 0.0150, 1, 10 ; green hydrogen, 0.0131, 6, 11 ; cip ørsted, 0.0129, 4, 15 ; rest country, 0.0121, 1, 1",0.2489,1.0,magnus brogaard ; cip foundation ; green hydrogen ; cip ørsted ; rest country
reg,37,8,"bornholm museum, 0.1349, 8, 36 ; finn ole, 0.0277, 1, 25 ; says jacob, 0.0234, 3, 6 ; connection energy islands, 0.0222, 4, 7 ; sonne nielsen, 0.0210, 1, 19",0.5167,1.0,bornholm museum ; finn ole ; says jacob ; connection energy islands ; sonne nielsen
reg,38,11,"solar cells, 0.0375, 3, 3 ; transformer station, 0.0234, 1, 1 ; hydrogen production, 0.0215, 6, 20 ; green fuels, 0.0196, 6, 21 ; surplus heat, 0.0175, 6, 13",0.3333,1.0,solar cells ; transformer station ; hydrogen production ; green fuels ; surplus heat
reg,39,1,"jakob nørmark, 0.1739, 1, 2 ; bornholm museum, 0.1598, 1, 2 ; takes place, 0.0770, 1, 1 ; feasibility studies, 0.0754, 1, 1 ; island land plant, 0.0726, 0, 0",0.9333,1.0,jakob nørmark ; bornholm museum ; takes place ; feasibility studies ; island land plant
reg,40,12,"lea wermelin, 0.0305, 7, 42 ; state aid, 0.0248, 5, 18 ; says lea, 0.0139, 5, 14 ; says lea wermelin, 0.0139, 5, 14 ; energy islands bornholm, 0.0139, 9, 51",0.4944,1.0,lea wermelin ; state aid ; says lea ; says lea wermelin ; energy islands bornholm
reg,41,21,"energy islands, 0.0163, 20, 67 ; energy island, 0.0129, 21, 139 ; bornholm energinet, 0.0119, 0, 0 ; energy islands bornholm, 0.0102, 13, 43 ; islands bornholm, 0.0102, 13, 43",0.7079,1.0,energy islands ; energy island ; bornholm energinet ; energy islands bornholm ; islands bornholm
reg,42,3,"security policy, 0.0628, 3, 8 ; baltic sea, 0.0580, 3, 23 ; juel jensen, 0.0498, 0, 0 ; peter juel jensen, 0.0448, 0, 0 ; peter juel, 0.0444, 1, 9",0.6222,1.0,security policy ; baltic sea ; juel jensen ; peter juel jensen ; peter juel
reg,43,30,"baltic energy, 0.0179, 17, 51 ; baltic energy island, 0.0171, 16, 48 ; rønne harbor, 0.0136, 12, 36 ; rural areas, 0.0084, 2, 6 ; søren møller christensen, 0.0081, 9, 32",0.44,1.0,baltic energy ; baltic energy island ; rønne harbor ; rural areas ; søren møller christensen
reg,44,10,"citizens association, 0.0274, 0, 0 ; citizens association energy, 0.0247, 0, 0 ; association energy islands, 0.0244, 5, 14 ; association energy, 0.0240, 5, 14 ; transformer station, 0.0228, 3, 18",0.1867,0.0,citizens association ; citizens association energy ; association energy islands ; association energy ; transformer station
reg,45,2,"dkk million, 0.1312, 0, 0 ; 000 kroner, 0.0728, 1, 6 ; million dkk, 0.0379, 0, 0 ; municipal council, 0.0379, 2, 9 ; rasch madsen, 0.0321, 1, 3",0.3,1.0,dkk million ; 000 kroner ; million dkk ; municipal council ; rasch madsen
reg,46,3,"corporate tax, 0.1731, 1, 17 ; tax revenue, 0.0633, 1, 8 ; next year, 0.0614, 2, 3 ; ten years, 0.0455, 1, 2 ; socio economic, 0.0432, 0, 0",0.3778,1.0,corporate tax ; tax revenue ; next year ; ten years ; socio economic
reg,47,4,"bornholm line, 0.0510, 2, 4 ; year ago, 0.0289, 1, 2 ; establishment energy, 0.0287, 2, 4 ; connection establishment, 0.0217, 1, 2 ; establishment energy islands, 0.0207, 1, 2",0.3833,1.0,bornholm line ; year ago ; establishment energy ; connection establishment ; establishment energy islands
reg,48,10,"municipal council, 0.0241, 7, 28 ; social democracy, 0.0230, 6, 30 ; savings catalog, 0.0213, 5, 7 ; next year, 0.0206, 7, 18 ; electric buses, 0.0176, 3, 13",0.6067,1.0,municipal council ; social democracy ; savings catalog ; next year ; electric buses
reg,49,3,"cultural identity, 0.1958, 3, 19 ; young people, 0.0478, 1, 6 ; starting point, 0.0313, 1, 2 ; lag bornholm, 0.0278, 2, 3 ; jørgen hammer, 0.0265, 2, 3",0.6222,1.0,cultural identity ; young people ; starting point ; lag bornholm ; jørgen hammer
reg,50,1,"savings catalog, 0.1903, 1, 13 ; 000 kroner, 0.1098, 1, 8 ; next year, 0.1015, 1, 10 ; dkk million, 0.0621, 0, 0 ; million kroner, 0.0588, 1, 5",0.8667,1.0,savings catalog ; 000 kroner ; next year ; dkk million ; million kroner
reg,51,1,"hydrogen ammonia, 0.0812, 1, 2 ; large scale, 0.0665, 1, 2 ; district heating, 0.0598, 1, 2 ; surplus heat, 0.0584, 1, 2 ; biogas plant, 0.0456, 1, 1",1.0,1.0,hydrogen ammonia ; large scale ; district heating ; surplus heat ; biogas plant
reg,52,3,"climate plan, 0.2197, 3, 38 ; bornholm climate, 0.0544, 2, 2 ; municipal council, 0.0286, 3, 14 ; environment planning committee, 0.0176, 2, 3 ; nature environment planning, 0.0173, 0, 0",0.8,1.0,climate plan ; bornholm climate ; municipal council ; environment planning committee ; nature environment planning
reg,53,2,"danish nature, 0.0902, 2, 4 ; danish nature conservation, 0.0902, 2, 4 ; conservation association, 0.0888, 2, 4 ; nature conservation association, 0.0888, 2, 4 ; nature conservation, 0.0830, 2, 4",1.0,1.0,danish nature ; danish nature conservation ; conservation association ; nature conservation association ; nature conservation
reg,54,1,"henrik espersen, 0.2872, 1, 11 ; wind turbines, 0.0548, 1, 6 ; offshore wind turbines, 0.0496, 1, 4 ; offshore wind, 0.0489, 1, 6 ; electricity prices, 0.0472, 1, 2",1.0,1.0,henrik espersen ; wind turbines ; offshore wind turbines ; offshore wind ; electricity prices
reg,55,1,"nuclear power, 0.1035, 1, 6 ; offshore wind, 0.0576, 1, 11 ; reader letter, 0.0520, 1, 3 ; wind turbine, 0.0381, 1, 8 ; wind turbine industry, 0.0361, 1, 2",1.0,1.0,nuclear power ; offshore wind ; reader letter ; wind turbine ; wind turbine industry
reg,56,23,"really good, 0.0450, 3, 3 ; labor market, 0.0271, 6, 10 ; young people, 0.0233, 5, 24 ; green transition, 0.0136, 11, 31 ; skilled workers, 0.0128, 2, 2",0.2261,1.0,really good ; labor market ; young people ; green transition ; skilled workers
reg,57,2,"offshore wind, 0.0770, 2, 26 ; nuclear power, 0.0732, 1, 10 ; offshore wind turbines, 0.0727, 2, 17 ; wind turbines, 0.0715, 2, 23 ; wind turbine, 0.0296, 2, 29",0.8667,1.0,offshore wind ; nuclear power ; offshore wind turbines ; wind turbines ; wind turbine
reg,58,2,"fossil fuels, 0.1113, 2, 4 ; first time, 0.0834, 2, 3 ; renewable energy, 0.0743, 2, 4 ; energy solutions, 0.0320, 1, 1 ; 30 years, 0.0306, 1, 1",0.9,1.0,fossil fuels ; first time ; renewable energy ; energy solutions ; 30 years
reg,59,1,"elderly care, 0.0886, 1, 4 ; new year, 0.0790, 1, 5 ; skilled workers, 0.0699, 1, 3 ; looking forward, 0.0377, 1, 2 ; look forward, 0.0342, 1, 2",1.0,1.0,elderly care ; new year ; skilled workers ; looking forward ; look forward
reg,60,1,"says peter, 0.2358, 1, 6 ; electric cars, 0.1324, 1, 3 ; general meeting, 0.1232, 1, 3 ; question whether, 0.0862, 1, 2 ; association bornholm, 0.0458, 1, 1",1.0,1.0,says peter ; electric cars ; general meeting ; question whether ; association bornholm
reg,61,9,"anne thomas, 0.0802, 6, 62 ; social democracy, 0.0542, 9, 47 ; top candidate, 0.0426, 5, 23 ; says anne thomas, 0.0338, 3, 25 ; says anne, 0.0327, 3, 25",0.6667,1.0,anne thomas ; social democracy ; top candidate ; says anne thomas ; says anne
reg,62,1,"one must, 0.1876, 1, 3 ; united states, 0.0829, 1, 1 ; says peter juel, 0.0735, 1, 1 ; make sense, 0.0722, 1, 1 ; bornholm soil, 0.0716, 1, 1",1.0,1.0,one must ; united states ; says peter juel ; make sense ; bornholm soil
reg,63,7,"10 million, 0.0272, 2, 4 ; 20 billion, 0.0203, 1, 4 ; social democratic, 0.0196, 1, 3 ; two energy, 0.0191, 1, 4 ; danish people, 0.0181, 2, 7",0.2,1.0,10 million ; 20 billion ; social democratic ; two energy ; danish people
reg,64,1,"hydrogen production, 0.2229, 1, 6 ; electricity grid, 0.0563, 1, 2 ; gw offshore, 0.0442, 1, 1 ; islands bornholm project, 0.0434, 0, 0 ; production bornholm, 0.0418, 1, 1",0.8667,1.0,hydrogen production ; electricity grid ; gw offshore ; islands bornholm project ; production bornholm
reg,65,2,"campus bornholm, 0.1346, 1, 6 ; tv2 bornholm, 0.0730, 1, 6 ; bornholm new, 0.0567, 1, 1 ; look forward, 0.0524, 2, 3 ; 30 years, 0.0465, 1, 4",0.5667,1.0,campus bornholm ; tv2 bornholm ; bornholm new ; look forward ; 30 years
reg,66,11,"plan strategy, 0.0253, 2, 30 ; danish business, 0.0206, 2, 3 ; søren schow, 0.0165, 2, 28 ; regional municipality, 0.0158, 7, 11 ; co financing, 0.0144, 0, 0",0.2303,1.0,plan strategy ; danish business ; søren schow ; regional municipality ; co financing
reg,67,13,"10 million, 0.0255, 4, 15 ; baltic energy, 0.0197, 8, 24 ; baltic energy island, 0.0175, 8, 22 ; danish business promotion, 0.0134, 5, 11 ; promotion board, 0.0128, 4, 11",0.4615,1.0,10 million ; baltic energy ; baltic energy island ; danish business promotion ; promotion board
reg,68,4,"green business, 0.0791, 3, 14 ; new local, 0.0664, 1, 1 ; island new, 0.0627, 0, 0 ; large scale, 0.0508, 0, 0 ; green business park, 0.0500, 3, 10",0.3667,1.0,green business ; new local ; island new ; large scale ; green business park
reg,69,5,"food school, 0.0838, 4, 29 ; søren schow, 0.0601, 5, 33 ; business park, 0.0494, 5, 34 ; heidi burgedahl, 0.0306, 5, 15 ; søren schow heidi, 0.0260, 5, 10",0.9333,1.0,food school ; søren schow ; business park ; heidi burgedahl ; søren schow heidi
reg,70,1,"morten riis, 0.2083, 1, 10 ; says morten riis, 0.1654, 1, 6 ; says morten, 0.1579, 1, 6 ; morten riis el, 0.0460, 0, 0 ; riis el, 0.0460, 0, 0",0.8,1.0,morten riis ; says morten riis ; says morten ; morten riis el ; riis el
reg,71,38,"gas station, 0.0097, 3, 5 ; islands bornholm, 0.0093, 26, 125 ; energy islands bornholm, 0.0091, 26, 125 ; energy islands, 0.0083, 32, 171 ; energy island, 0.0078, 36, 340",0.5211,1.0,gas station ; islands bornholm ; energy islands bornholm ; energy islands ; energy island
reg,72,9,"20 billion, 0.0243, 3, 14 ; energy islands bornholm, 0.0205, 8, 55 ; islands bornholm, 0.0205, 8, 55 ; 15 20, 0.0205, 3, 8 ; billion kroner, 0.0187, 7, 16",0.6222,1.0,20 billion ; energy islands bornholm ; islands bornholm ; 15 20 ; billion kroner
reg,73,32,"offshore wind, 0.0450, 32, 260 ; bornholm offshore wind, 0.0243, 6, 7 ; bornholm offshore, 0.0233, 6, 7 ; offshore wind farm, 0.0131, 26, 93 ; wind farm, 0.0128, 26, 97",0.5833,1.0,offshore wind ; bornholm offshore wind ; bornholm offshore ; offshore wind farm ; wind farm
reg,74,3,"froberg dahl, 0.1134, 2, 16 ; anne thomas, 0.0696, 2, 15 ; rené danielsson, 0.0482, 1, 11 ; social democracy, 0.0480, 3, 15 ; top candidate, 0.0476, 3, 11",0.6667,1.0,froberg dahl ; anne thomas ; rené danielsson ; social democracy ; top candidate
sci,0,11,"energy island, 0.1201, 10, 21 ; north sea, 0.0864, 3, 8 ; 2011 ieee, 0.0588, 1, 1 ; barrier islands, 0.0432, 1, 7 ; co2 emission, 0.0362, 1, 2",0.4121,1.0,energy island ; north sea ; 2011 ieee ; barrier islands ; co2 emission
sci,1,21,"wave energy, 0.0790, 4, 11 ; energy energy, 0.0358, 0, 0 ; renewable energy, 0.0329, 14, 28 ; energy conversion, 0.0226, 2, 2 ; wind energy conversion, 0.0194, 1, 1",0.2127,1.0,wave energy ; energy energy ; renewable energy ; energy conversion ; wind energy conversion
sci,2,3,"hainan island, 0.2681, 1, 5 ; integrated development, 0.0672, 1, 4 ; hainan province, 0.0672, 1, 8 ; energy carbon emissions, 0.0627, 1, 7 ; energy carbon, 0.0587, 1, 7",0.3333,1.0,hainan island ; integrated development ; hainan province ; energy carbon emissions ; energy carbon
sci,3,6,"frequency voltage, 0.0480, 4, 7 ; new energy, 0.0372, 4, 4 ; low inertia, 0.0363, 3, 3 ; control loop, 0.0337, 2, 5 ; grid frequency, 0.0318, 2, 3",0.5667,1.0,frequency voltage ; new energy ; low inertia ; control loop ; grid frequency
sci,4,17,"energy hubs, 0.0474, 8, 23 ; offshore energy, 0.0441, 9, 27 ; offshore energy hubs, 0.0377, 6, 18 ; energy production, 0.0289, 1, 1 ; power plants, 0.0253, 1, 1",0.3804,1.0,energy hubs ; offshore energy ; offshore energy hubs ; energy production ; power plants
sci,5,12,"smart grid, 0.0536, 2, 2 ; real time, 0.0408, 0, 0 ; energy islands, 0.0380, 7, 10 ; power systems, 0.0353, 5, 7 ; renewable sources, 0.0326, 2, 3",0.2389,1.0,smart grid ; real time ; energy islands ; power systems ; renewable sources
sci,6,3,"heat recovery, 0.0851, 2, 5 ; operational flexibility, 0.0813, 3, 5 ; danish energy island, 0.0476, 3, 3 ; danish energy, 0.0476, 3, 3 ; integer linear programming, 0.0422, 3, 3",0.8889,1.0,heat recovery ; operational flexibility ; danish energy island ; danish energy ; integer linear programming
sci,7,20,"hydrogen production, 0.0523, 13, 28 ; green hydrogen, 0.0391, 11, 20 ; green hydrogen production, 0.0208, 7, 10 ; production costs, 0.0171, 3, 6 ; hydrogen price, 0.0148, 4, 7",0.4667,1.0,hydrogen production ; green hydrogen ; green hydrogen production ; production costs ; hydrogen price
sci,8,24,"energy island, 0.0358, 10, 12 ; energy system, 0.0270, 13, 30 ; renewable energy, 0.0235, 16, 28 ; sustainable energy, 0.0181, 3, 10 ; elsevier ltd, 0.0160, 13, 13",0.4694,1.0,energy island ; energy system ; renewable energy ; sustainable energy ; elsevier ltd
sci,9,15,"black start, 0.0288, 1, 4 ; diode rectifier, 0.0252, 9, 9 ; low cost, 0.0175, 3, 3 ; high voltage, 0.0160, 4, 5 ; direct current, 0.0150, 7, 11",0.2889,1.0,black start ; diode rectifier ; low cost ; high voltage ; direct current
sci,10,1,"model established, 0.1410, 1, 1 ; first time, 0.1368, 1, 1 ; 2022 elsevier ltd, 0.1298, 1, 1 ; 2022 elsevier, 0.1270, 1, 1 ; two different, 0.1206, 1, 1",1.0,1.0,model established ; first time ; 2022 elsevier ltd ; 2022 elsevier ; two different
sci,11,3,"transmission grid, 0.1346, 3, 20 ; harmonic distortion, 0.1043, 3, 10 ; 400 kv, 0.0808, 3, 8 ; harmonic voltage distortion, 0.0550, 3, 6 ; harmonic voltage, 0.0532, 3, 6",1.0,1.0,transmission grid ; harmonic distortion ; 400 kv ; harmonic voltage distortion ; harmonic voltage
sci,12,4,"multi vector, 0.1102, 0, 0 ; energy systems, 0.0730, 4, 7 ; level optimization, 0.0571, 1, 2 ; sector coupling, 0.0379, 2, 2 ; 2023 author, 0.0374, 1, 1",0.4,1.0,multi vector ; energy systems ; level optimization ; sector coupling ; 2023 author
sci,13,1,"low energy, 0.4004, 1, 1 ; high energy, 0.2542, 0, 0 ; island energy, 0.1240, 1, 1 ; energy island, 0.1188, 1, 2 ; results show, 0.0797, 1, 1",0.7333,1.0,low energy ; high energy ; island energy ; energy island ; results show
sci,14,1,"al 111, 0.2579, 0, 0 ; cu al, 0.2579, 0, 0 ; cu al 111, 0.2579, 0, 0 ; cu 111, 0.2006, 0, 0 ; elsevier ltd, 0.0100, 1, 1",0.0667,0.0,al 111 ; cu al ; cu al 111 ; cu 111 ; elsevier ltd
sci,15,15,"2017 ieee, 0.0417, 1, 1 ; distributed generation, 0.0291, 3, 3 ; electrical power, 0.0253, 1, 4 ; distribution network, 0.0224, 3, 7 ; management system, 0.0156, 4, 5",0.1333,0.0,2017 ieee ; distributed generation ; electrical power ; distribution network ; management system
sci,16,4,"kriegers flak, 0.0889, 4, 9 ; kf cgs, 0.0587, 2, 6 ; power markets, 0.0355, 1, 3 ; voltage reactive power, 0.0330, 2, 4 ; voltage reactive, 0.0330, 2, 4",0.6167,1.0,kriegers flak ; kf cgs ; power markets ; voltage reactive power ; voltage reactive
sci,17,20,"renewable energy, 0.0286, 14, 26 ; renewable energy sources, 0.0180, 7, 7 ; energy sources, 0.0167, 8, 8 ; planning model, 0.0163, 1, 1 ; economic benefits, 0.0154, 1, 1",0.4167,1.0,renewable energy ; renewable energy sources ; energy sources ; planning model ; economic benefits
sci,18,5,"pilot sites, 0.0799, 2, 7 ; land project, 0.0615, 5, 5 ; energy production consumption, 0.0389, 4, 4 ; production consumption, 0.0377, 4, 4 ; research publishing singapore, 0.0376, 0, 0",0.6667,1.0,pilot sites ; land project ; energy production consumption ; production consumption ; research publishing singapore
sci,19,15,"impedance based, 0.0173, 2, 3 ; mtdc grid, 0.0144, 1, 1 ; wind turbine, 0.0144, 7, 12 ; time domain, 0.0128, 2, 3 ; paper focuses, 0.0121, 2, 2",0.1822,0.0,impedance based ; mtdc grid ; wind turbine ; time domain ; paper focuses
sci,20,2,"systems infrastructure, 0.1397, 2, 4 ; smart grid, 0.1190, 2, 4 ; organizers published research, 0.0649, 0, 0 ; organizers published, 0.0649, 0, 0 ; research publishing singapore, 0.0630, 0, 0",0.6,1.0,systems infrastructure ; smart grid ; organizers published research ; organizers published ; research publishing singapore
sci,21,11,"energy islands, 0.0716, 6, 8 ; energy community, 0.0500, 1, 4 ; fossil fuel, 0.0416, 1, 1 ; energy communities, 0.0391, 3, 8 ; sustainable energy, 0.0385, 3, 3",0.2788,1.0,energy islands ; energy community ; fossil fuel ; energy communities ; sustainable energy
sci,22,3,"renewable energies, 0.1148, 1, 2 ; power plant, 0.1133, 1, 5 ; energy island, 0.0579, 3, 3 ; renewable sources, 0.0574, 1, 1 ; low voltage, 0.0549, 0, 0",0.4444,1.0,renewable energies ; power plant ; energy island ; renewable sources ; low voltage
sci,23,3,"energy demand, 0.1561, 1, 2 ; social norms, 0.1194, 2, 6 ; meet energy, 0.0885, 1, 1 ; future energy, 0.0865, 1, 1 ; energy saving, 0.0702, 2, 4",0.4444,1.0,energy demand ; social norms ; meet energy ; future energy ; energy saving
sci,24,1,"springer nature, 0.2127, 1, 1 ; distributed energy, 0.2080, 1, 1 ; power supply, 0.1762, 1, 1 ; power transmission, 0.1561, 1, 1 ; large scale, 0.1265, 0, 0",0.9333,1.0,springer nature ; distributed energy ; power supply ; power transmission ; large scale
sci,25,5,"renewable energy, 0.1096, 4, 7 ; renewable energy island, 0.1049, 3, 3 ; island samsø, 0.0813, 3, 3 ; science technology, 0.0615, 1, 1 ; based energy, 0.0513, 0, 0",0.5733,1.0,renewable energy ; renewable energy island ; island samsø ; science technology ; based energy
sci,26,12,"energy security, 0.1033, 5, 13 ; paper introduces, 0.0534, 2, 2 ; sustainability transitions, 0.0419, 1, 6 ; energy sector, 0.0376, 4, 5 ; 2024 authors, 0.0358, 2, 2",0.2556,1.0,energy security ; paper introduces ; sustainability transitions ; energy sector ; 2024 authors
sci,27,3,"multi objective, 0.1016, 0, 0 ; objective optimization, 0.0721, 3, 4 ; multi objective optimization, 0.0721, 0, 0 ; power hub, 0.0553, 2, 5 ; heat recovery, 0.0533, 2, 3",0.4,1.0,multi objective ; objective optimization ; multi objective optimization ; power hub ; heat recovery
sci,28,9,"vsc hvdc, 0.0698, 0, 0 ; power network, 0.0472, 1, 3 ; energy islanded, 0.0445, 1, 2 ; reactive power, 0.0415, 2, 10 ; power compensation, 0.0351, 1, 4",0.0889,0.0,vsc hvdc ; power network ; energy islanded ; reactive power ; power compensation
sci,29,2,"simulations performed, 0.4994, 1, 1 ; 2011 ieee, 0.1783, 1, 1 ; proposed system, 0.1648, 1, 1 ; real time, 0.1518, 1, 1",0.5,1.0,simulations performed ; 2011 ieee ; proposed system ; real time
sci,30,11,"reactive power, 0.0388, 8, 24 ; offshore ac, 0.0278, 6, 13 ; offshore ac grid, 0.0221, 5, 8 ; wind power plants, 0.0220, 7, 13 ; control scheme, 0.0199, 3, 8",0.5818,1.0,reactive power ; offshore ac ; offshore ac grid ; wind power plants ; control scheme
sci,31,29,"dc grid, 0.0210, 8, 18 ; continental shelf, 0.0128, 2, 2 ; wind farms, 0.0126, 12, 17 ; high voltage, 0.0126, 6, 9 ; wind power, 0.0108, 12, 20",0.2483,1.0,dc grid ; continental shelf ; wind farms ; high voltage ; wind power
sci,32,46,"multi terminal, 0.0103, 0, 0 ; voltage source, 0.0096, 13, 13 ; terminal hvdc, 0.0095, 9, 11 ; hvdc grids, 0.0092, 5, 10 ; hvdc offshore, 0.0088, 6, 8",0.1377,0.0,multi terminal ; voltage source ; terminal hvdc ; hvdc grids ; hvdc offshore
sci,33,6,"cost parameter, 0.0813, 1, 8 ; long term, 0.0542, 1, 2 ; cost savings, 0.0302, 2, 4 ; case study north, 0.0292, 3, 3 ; offshore grid development, 0.0252, 1, 1",0.2444,1.0,cost parameter ; long term ; cost savings ; case study north ; offshore grid development
sci,34,11,"inter array, 0.0461, 0, 0 ; offshore wind, 0.0294, 7, 17 ; circuit breakers, 0.0250, 2, 5 ; offshore grid, 0.0217, 10, 16 ; monte carlo, 0.0205, 3, 3",0.3455,1.0,inter array ; offshore wind ; circuit breakers ; offshore grid ; monte carlo
sci,35,18,"fault ride, 0.0167, 7, 9 ; circuit breakers, 0.0109, 3, 4 ; ac grid, 0.0103, 2, 7 ; dc link, 0.0097, 1, 4 ; wind turbines, 0.0096, 6, 9",0.2259,1.0,fault ride ; circuit breakers ; ac grid ; dc link ; wind turbines
sci,36,8,"stability offshore, 0.0341, 3, 4 ; harmonic stability, 0.0313, 1, 2 ; hvdc system, 0.0295, 6, 12 ; system performance, 0.0271, 4, 7 ; converter controller, 0.0202, 3, 6",0.4,1.0,stability offshore ; harmonic stability ; hvdc system ; system performance ; converter controller
sci,37,15,"grid design, 0.0342, 4, 9 ; offshore wind, 0.0327, 12, 28 ; paper presents, 0.0174, 6, 6 ; floating wind, 0.0165, 1, 4 ; offshore grid, 0.0158, 14, 19",0.4533,1.0,grid design ; offshore wind ; paper presents ; floating wind ; offshore grid
sci,38,5,"numerical simulation, 0.0591, 1, 2 ; service buildings, 0.0554, 1, 6 ; energy consumption, 0.0503, 2, 7 ; energy conservation, 0.0370, 3, 3 ; building energy, 0.0331, 1, 1",0.2933,1.0,numerical simulation ; service buildings ; energy consumption ; energy conservation ; building energy
sci,39,9,"optimization algorithm, 0.0301, 4, 8 ; transmission system, 0.0275, 3, 9 ; system costs, 0.0192, 2, 5 ; life cycle, 0.0175, 2, 4 ; power flow, 0.0167, 2, 5",0.3259,1.0,optimization algorithm ; transmission system ; system costs ; life cycle ; power flow
sci,40,3,"critical modes, 0.0848, 3, 6 ; small signal, 0.0674, 1, 1 ; signal stability, 0.0613, 3, 5 ; small signal stability, 0.0613, 1, 1 ; vsc based, 0.0330, 0, 0",0.6667,1.0,critical modes ; small signal ; signal stability ; small signal stability ; vsc based
sci,41,29,"offshore grid, 0.0281, 25, 57 ; north sea, 0.0258, 18, 38 ; baltic seas, 0.0146, 3, 6 ; grid north, 0.0146, 6, 8 ; grid north sea, 0.0142, 4, 4",0.5103,1.0,offshore grid ; north sea ; baltic seas ; grid north ; grid north sea
sci,42,16,"offshore wind, 0.0368, 13, 31 ; offshore wind energy, 0.0347, 7, 14 ; wind energy, 0.0333, 8, 17 ; legal framework, 0.0329, 8, 10 ; law sea, 0.0179, 5, 5",0.575,1.0,offshore wind ; offshore wind energy ; wind energy ; legal framework ; law sea
sci,43,3,"control algorithms, 0.0621, 2, 2 ; modular multilevel converter, 0.0610, 1, 1 ; multilevel converter, 0.0610, 1, 1 ; simulation tool, 0.0601, 2, 2 ; modular multilevel, 0.0584, 1, 1",0.4889,1.0,control algorithms ; modular multilevel converter ; multilevel converter ; simulation tool ; modular multilevel
sci,44,1,"energy islands, 0.4974, 0, 0 ; rights reserved, 0.4825, 1, 1",0.3333,1.0,energy islands ; rights reserved
sci,45,1,"low energy, 0.4390, 1, 2 ; high frequency, 0.2336, 1, 1 ; monte carlo, 0.2139, 1, 1 ; energy island, 0.0947, 0, 0",0.9,1.0,low energy ; high frequency ; monte carlo ; energy island
sci,46,2,"individual generation, 0.1653, 2, 6 ; energy islanding, 0.1009, 2, 4 ; grid power, 0.0902, 2, 4 ; system energy, 0.0503, 2, 2 ; integration power, 0.0488, 2, 2",1.0,1.0,individual generation ; energy islanding ; grid power ; system energy ; integration power
sci,47,2,"offshore grid, 0.5054, 1, 1 ; temporal spatial, 0.1495, 0, 0 ; long term, 0.0589, 0, 0 ; 100 km, 0.0478, 1, 1 ; time series, 0.0422, 1, 1",0.2667,1.0,offshore grid ; temporal spatial ; long term ; 100 km ; time series
sci,48,39,"offshore wind, 0.0250, 34, 87 ; wind farms, 0.0237, 24, 38 ; wind power, 0.0133, 15, 47 ; offshore wind farms, 0.0127, 18, 21 ; wind farm, 0.0118, 25, 56",0.6359,1.0,offshore wind ; wind farms ; wind power ; offshore wind farms ; wind farm
sci,49,1,"publishing ltd, 0.4190, 1, 1 ; green energy, 0.3617, 0, 0 ; energy island, 0.2006, 1, 1",0.6667,1.0,publishing ltd ; green energy ; energy island
sci,50,7,"grid frequency, 0.0729, 3, 9 ; frequency control, 0.0531, 4, 9 ; wind farm, 0.0478, 7, 13 ; closed loop, 0.0299, 2, 2 ; control design, 0.0289, 3, 3",0.5619,1.0,grid frequency ; frequency control ; wind farm ; closed loop ; control design
sci,51,3,"energy islands, 0.2221, 0, 0 ; energy system, 0.1676, 1, 1 ; three dimensional, 0.1353, 0, 0 ; arc shaped, 0.1344, 1, 2 ; taylor francis, 0.1211, 0, 0",0.1333,0.0,energy islands ; energy system ; three dimensional ; arc shaped ; taylor francis
sci,52,2,"energy islands, 0.4885, 1, 1 ; wastewater treatment, 0.2255, 1, 1 ; cost savings, 0.1745, 1, 1 ; energy island, 0.0823, 2, 2",0.55,1.0,energy islands ; wastewater treatment ; cost savings ; energy island
sci,53,2,"energy source, 0.2508, 2, 2 ; hydrogen energy, 0.2000, 1, 1 ; district heating, 0.1343, 1, 2 ; energy island, 0.1169, 2, 2 ; primary energy, 0.0591, 1, 1",0.7333,1.0,energy source ; hydrogen energy ; district heating ; energy island ; primary energy
sci,54,1,"rights reserved, 0.9932, 1, 1",1.0,1.0,rights reserved
sci,55,10,"energy storage, 0.0827, 9, 17 ; energy storage system, 0.0236, 3, 4 ; storage system, 0.0209, 3, 4 ; nsf caes, 0.0206, 0, 0 ; power grid, 0.0201, 1, 4",0.4467,1.0,energy storage ; energy storage system ; storage system ; nsf caes ; power grid
sci,56,1,"energy island, 0.9855, 1, 1",1.0,1.0,energy island
sci,57,6,"grid spacing, 0.1580, 3, 14 ; taylor francis, 0.1174, 0, 0 ; time series, 0.0972, 1, 3 ; finite difference, 0.0670, 0, 0 ; based wind, 0.0646, 1, 1",0.2111,1.0,grid spacing ; taylor francis ; time series ; finite difference ; based wind
sci,58,1,"qd growth, 0.8803, 1, 6 ; energy island, 0.1036, 0, 0",0.6667,1.0,qd growth ; energy island
sci,59,1,"ion implantation, 0.8065, 1, 7 ; energy islands, 0.0914, 1, 2 ; high energy, 0.0876, 1, 1",1.0,1.0,ion implantation ; energy islands ; high energy
sci,60,1,"elsevier ltd rights, 0.2114, 0, 0 ; ltd rights reserved, 0.2030, 0, 0 ; ltd rights, 0.2030, 0, 0 ; elsevier ltd, 0.1322, 1, 1 ; energy islands, 0.1114, 0, 0",0.1333,0.0,elsevier ltd rights ; ltd rights reserved ; ltd rights ; elsevier ltd ; energy islands
sci,61,2,"onshore offshore, 0.2191, 0, 0 ; sea level, 0.2153, 1, 3 ; onshore offshore grid, 0.1254, 0, 0 ; results presented, 0.1071, 1, 1 ; long term, 0.0874, 0, 0",0.2,0.0,onshore offshore ; sea level ; onshore offshore grid ; results presented ; long term
