topic_int,topic_names,labels_layer,Source
3,offshor wind,3: offshor wind,Pro Media
3,offshor wind,3: offshor wind,Pro Media
7,wind turbin,7: wind turbin,Pro Media
4,energiø bornholm,4: energiø bornholm,Pro Media
7,wind turbin,7: wind turbin,Pro Media
7,wind turbin,7: wind turbin,Pro Media
4,energiø bornholm,4: energiø bornholm,Pro Media
5,baltic sea,5: baltic sea,Pro Media
4,energiø bornholm,4: energiø bornholm,Pro Media
1,renew energi,1: renew energi,Pro Media
3,offshor wind,3: offshor wind,Pro Media
4,energiø bornholm,4: energiø bornholm,Pro Media
4,energiø bornholm,4: energiø bornholm,Pro Media
4,energiø bornholm,4: energiø bornholm,Pro Media
4,energiø bornholm,4: energiø bornholm,Pro Media
2,wind farm,2: wind farm,Pro Media
1,renew energi,1: renew energi,Pro Media
1,renew energi,1: renew energi,Pro Media
4,energiø bornholm,4: energiø bornholm,Pro Media
9,offshor grid,9: offshor grid,Pro Media
1,renew energi,1: renew energi,Pro Media
7,wind turbin,7: wind turbin,Pro Media
7,wind turbin,7: wind turbin,Pro Media
5,baltic sea,5: baltic sea,Pro Media
4,energiø bornholm,4: energiø bornholm,Pro Media
4,energiø bornholm,4: energiø bornholm,Pro Media
7,wind turbin,7: wind turbin,Pro Media
4,energiø bornholm,4: energiø bornholm,Pro Media
5,baltic sea,5: baltic sea,Pro Media
7,wind turbin,7: wind turbin,Pro Media
1,renew energi,1: renew energi,Pro Media
1,renew energi,1: renew energi,Pro Media
4,energiø bornholm,4: energiø bornholm,Pro Media
3,offshor wind,3: offshor wind,Pro Media
7,wind turbin,7: wind turbin,Pro Media
2,wind farm,2: wind farm,Pro Media
7,wind turbin,7: wind turbin,Pro Media
3,offshor wind,3: offshor wind,Pro Media
7,wind turbin,7: wind turbin,Pro Media
7,wind turbin,7: wind turbin,Pro Media
7,wind turbin,7: wind turbin,Pro Media
4,energiø bornholm,4: energiø bornholm,Pro Media
7,wind turbin,7: wind turbin,Pro Media
1,renew energi,1: renew energi,Pro Media
3,offshor wind,3: offshor wind,Pro Media
7,wind turbin,7: wind turbin,Pro Media
1,renew energi,1: renew energi,Pro Media
7,wind turbin,7: wind turbin,Pro Media
1,renew energi,1: renew energi,Pro Media
3,offshor wind,3: offshor wind,Pro Media
3,offshor wind,3: offshor wind,Pro Media
7,wind turbin,7: wind turbin,Pro Media
7,wind turbin,7: wind turbin,Pro Media
7,wind turbin,7: wind turbin,Pro Media
3,offshor wind,3: offshor wind,Pro Media
9,offshor grid,9: offshor grid,Pro Media
7,wind turbin,7: wind turbin,Pro Media
3,offshor wind,3: offshor wind,Pro Media
1,renew energi,1: renew energi,Pro Media
7,wind turbin,7: wind turbin,Pro Media
3,offshor wind,3: offshor wind,Pro Media
3,offshor wind,3: offshor wind,Pro Media
3,offshor wind,3: offshor wind,Pro Media
1,renew energi,1: renew energi,Pro Media
1,renew energi,1: renew energi,Pro Media
1,renew energi,1: renew energi,Pro Media
7,wind turbin,7: wind turbin,Pro Media
8,energi system,8: energi system,Pro Media
4,energiø bornholm,4: energiø bornholm,Pro Media
3,offshor wind,3: offshor wind,Pro Media
3,offshor wind,3: offshor wind,Pro Media
8,energi system,8: energi system,Pro Media
9,offshor grid,9: offshor grid,Pro Media
5,baltic sea,5: baltic sea,Pro Media
2,wind farm,2: wind farm,Pro Media
7,wind turbin,7: wind turbin,Pro Media
3,offshor wind,3: offshor wind,Pro Media
1,renew energi,1: renew energi,Pro Media
1,renew energi,1: renew energi,Pro Media
5,baltic sea,5: baltic sea,Pro Media
1,renew energi,1: renew energi,Pro Media
1,renew energi,1: renew energi,Pro Media
1,renew energi,1: renew energi,Pro Media
9,offshor grid,9: offshor grid,Pro Media
9,offshor grid,9: offshor grid,Pro Media
7,wind turbin,7: wind turbin,Pro Media
4,energiø bornholm,4: energiø bornholm,Pro Media
8,energi system,8: energi system,Pro Media
7,wind turbin,7: wind turbin,Pro Media
8,energi system,8: energi system,Pro Media
3,offshor wind,3: offshor wind,Pro Media
1,renew energi,1: renew energi,Pro Media
1,renew energi,1: renew energi,Pro Media
4,energiø bornholm,4: energiø bornholm,Pro Media
1,renew energi,1: renew energi,Pro Media
8,energi system,8: energi system,Pro Media
1,renew energi,1: renew energi,Pro Media
5,baltic sea,5: baltic sea,Pro Media
7,wind turbin,7: wind turbin,Pro Media
5,baltic sea,5: baltic sea,Pro Media
3,offshor wind,3: offshor wind,Pro Media
1,renew energi,1: renew energi,Pro Media
9,offshor grid,9: offshor grid,Pro Media
1,renew energi,1: renew energi,Pro Media
4,energiø bornholm,4: energiø bornholm,Pro Media
3,offshor wind,3: offshor wind,Pro Media
7,wind turbin,7: wind turbin,Pro Media
4,energiø bornholm,4: energiø bornholm,Pro Media
4,energiø bornholm,4: energiø bornholm,Pro Media
9,offshor grid,9: offshor grid,Pro Media
7,wind turbin,7: wind turbin,Pro Media
7,wind turbin,7: wind turbin,Pro Media
4,energiø bornholm,4: energiø bornholm,Pro Media
8,energi system,8: energi system,Pro Media
0,energi island,0: energi island,Pro Media
8,energi system,8: energi system,Pro Media
1,renew energi,1: renew energi,Pro Media
9,offshor grid,9: offshor grid,Pro Media
7,wind turbin,7: wind turbin,Pro Media
7,wind turbin,7: wind turbin,Pro Media
8,energi system,8: energi system,Pro Media
7,wind turbin,7: wind turbin,Pro Media
5,baltic sea,5: baltic sea,Pro Media
4,energiø bornholm,4: energiø bornholm,Pro Media
1,renew energi,1: renew energi,Pro Media
1,renew energi,1: renew energi,Pro Media
7,wind turbin,7: wind turbin,Pro Media
7,wind turbin,7: wind turbin,Pro Media
8,energi system,8: energi system,Pro Media
0,energi island,0: energi island,Pro Media
4,energiø bornholm,4: energiø bornholm,Pro Media
8,energi system,8: energi system,Pro Media
3,offshor wind,3: offshor wind,Pro Media
4,energiø bornholm,4: energiø bornholm,Pro Media
3,offshor wind,3: offshor wind,Pro Media
1,renew energi,1: renew energi,Pro Media
4,energiø bornholm,4: energiø bornholm,Pro Media
9,offshor grid,9: offshor grid,Pro Media
7,wind turbin,7: wind turbin,Pro Media
4,energiø bornholm,4: energiø bornholm,Pro Media
3,offshor wind,3: offshor wind,Pro Media
9,offshor grid,9: offshor grid,Pro Media
4,energiø bornholm,4: energiø bornholm,Pro Media
7,wind turbin,7: wind turbin,Pro Media
3,offshor wind,3: offshor wind,Pro Media
3,offshor wind,3: offshor wind,Pro Media
7,wind turbin,7: wind turbin,Pro Media
7,wind turbin,7: wind turbin,Pro Media
4,energiø bornholm,4: energiø bornholm,Pro Media
7,wind turbin,7: wind turbin,Pro Media
5,baltic sea,5: baltic sea,Pro Media
3,offshor wind,3: offshor wind,Pro Media
1,renew energi,1: renew energi,Pro Media
7,wind turbin,7: wind turbin,Pro Media
4,energiø bornholm,4: energiø bornholm,Pro Media
4,energiø bornholm,4: energiø bornholm,Pro Media
3,offshor wind,3: offshor wind,Pro Media
7,wind turbin,7: wind turbin,Pro Media
7,wind turbin,7: wind turbin,Pro Media
4,energiø bornholm,4: energiø bornholm,Pro Media
4,energiø bornholm,4: energiø bornholm,Pro Media
7,wind turbin,7: wind turbin,Pro Media
8,energi system,8: energi system,Pro Media
5,baltic sea,5: baltic sea,Pro Media
7,wind turbin,7: wind turbin,Pro Media
7,wind turbin,7: wind turbin,Pro Media
1,renew energi,1: renew energi,Pro Media
7,wind turbin,7: wind turbin,Pro Media
3,offshor wind,3: offshor wind,Pro Media
3,offshor wind,3: offshor wind,Pro Media
9,offshor grid,9: offshor grid,Pro Media
5,baltic sea,5: baltic sea,Pro Media
1,renew energi,1: renew energi,Pro Media
4,energiø bornholm,4: energiø bornholm,Pro Media
4,energiø bornholm,4: energiø bornholm,Pro Media
3,offshor wind,3: offshor wind,Pro Media
3,offshor wind,3: offshor wind,Pro Media
3,offshor wind,3: offshor wind,Pro Media
4,energiø bornholm,4: energiø bornholm,Pro Media
1,renew energi,1: renew energi,Pro Media
8,energi system,8: energi system,Pro Media
0,energi island,0: energi island,Pro Media
4,energiø bornholm,4: energiø bornholm,Pro Media
7,wind turbin,7: wind turbin,Pro Media
1,renew energi,1: renew energi,Pro Media
4,energiø bornholm,4: energiø bornholm,Pro Media
4,energiø bornholm,4: energiø bornholm,Pro Media
5,baltic sea,5: baltic sea,Reg Media
6,municip council,6: municip council,Reg Media
3,offshor wind,3: offshor wind,Reg Media
5,baltic sea,5: baltic sea,Reg Media
5,baltic sea,5: baltic sea,Reg Media
7,wind turbin,7: wind turbin,Reg Media
7,wind turbin,7: wind turbin,Reg Media
7,wind turbin,7: wind turbin,Reg Media
7,wind turbin,7: wind turbin,Reg Media
3,offshor wind,3: offshor wind,Reg Media
7,wind turbin,7: wind turbin,Reg Media
7,wind turbin,7: wind turbin,Reg Media
3,offshor wind,3: offshor wind,Reg Media
0,energi island,0: energi island,Reg Media
4,energiø bornholm,4: energiø bornholm,Reg Media
7,wind turbin,7: wind turbin,Reg Media
5,baltic sea,5: baltic sea,Reg Media
4,energiø bornholm,4: energiø bornholm,Reg Media
3,offshor wind,3: offshor wind,Reg Media
7,wind turbin,7: wind turbin,Reg Media
4,energiø bornholm,4: energiø bornholm,Reg Media
5,baltic sea,5: baltic sea,Reg Media
3,offshor wind,3: offshor wind,Reg Media
7,wind turbin,7: wind turbin,Reg Media
4,energiø bornholm,4: energiø bornholm,Reg Media
1,renew energi,1: renew energi,Reg Media
6,municip council,6: municip council,Reg Media
7,wind turbin,7: wind turbin,Reg Media
0,energi island,0: energi island,Reg Media
7,wind turbin,7: wind turbin,Reg Media
0,energi island,0: energi island,Reg Media
4,energiø bornholm,4: energiø bornholm,Reg Media
5,baltic sea,5: baltic sea,Reg Media
3,offshor wind,3: offshor wind,Reg Media
7,wind turbin,7: wind turbin,Reg Media
7,wind turbin,7: wind turbin,Reg Media
7,wind turbin,7: wind turbin,Reg Media
6,municip council,6: municip council,Reg Media
4,energiø bornholm,4: energiø bornholm,Reg Media
7,wind turbin,7: wind turbin,Reg Media
0,energi island,0: energi island,Reg Media
0,energi island,0: energi island,Reg Media
7,wind turbin,7: wind turbin,Reg Media
7,wind turbin,7: wind turbin,Reg Media
4,energiø bornholm,4: energiø bornholm,Reg Media
3,offshor wind,3: offshor wind,Reg Media
5,baltic sea,5: baltic sea,Reg Media
7,wind turbin,7: wind turbin,Reg Media
7,wind turbin,7: wind turbin,Reg Media
0,energi island,0: energi island,Reg Media
0,energi island,0: energi island,Reg Media
9,offshor grid,9: offshor grid,Reg Media
5,baltic sea,5: baltic sea,Reg Media
4,energiø bornholm,4: energiø bornholm,Reg Media
5,baltic sea,5: baltic sea,Reg Media
5,baltic sea,5: baltic sea,Reg Media
7,wind turbin,7: wind turbin,Reg Media
5,baltic sea,5: baltic sea,Reg Media
5,baltic sea,5: baltic sea,Reg Media
5,baltic sea,5: baltic sea,Reg Media
7,wind turbin,7: wind turbin,Reg Media
1,renew energi,1: renew energi,Reg Media
0,energi island,0: energi island,Reg Media
5,baltic sea,5: baltic sea,Reg Media
7,wind turbin,7: wind turbin,Reg Media
6,municip council,6: municip council,Reg Media
7,wind turbin,7: wind turbin,Reg Media
5,baltic sea,5: baltic sea,Reg Media
6,municip council,6: municip council,Reg Media
7,wind turbin,7: wind turbin,Reg Media
1,renew energi,1: renew energi,Reg Media
5,baltic sea,5: baltic sea,Reg Media
4,energiø bornholm,4: energiø bornholm,Reg Media
7,wind turbin,7: wind turbin,Reg Media
4,energiø bornholm,4: energiø bornholm,Reg Media
4,energiø bornholm,4: energiø bornholm,Reg Media
0,energi island,0: energi island,Reg Media
0,energi island,0: energi island,Reg Media
6,municip council,6: municip council,Reg Media
5,baltic sea,5: baltic sea,Reg Media
7,wind turbin,7: wind turbin,Reg Media
5,baltic sea,5: baltic sea,Reg Media
0,energi island,0: energi island,Reg Media
3,offshor wind,3: offshor wind,Reg Media
7,wind turbin,7: wind turbin,Reg Media
6,municip council,6: municip council,Reg Media
7,wind turbin,7: wind turbin,Reg Media
5,baltic sea,5: baltic sea,Reg Media
4,energiø bornholm,4: energiø bornholm,Reg Media
4,energiø bornholm,4: energiø bornholm,Reg Media
0,energi island,0: energi island,Reg Media
0,energi island,0: energi island,Reg Media
0,energi island,0: energi island,Reg Media
0,energi island,0: energi island,Reg Media
7,wind turbin,7: wind turbin,Reg Media
0,energi island,0: energi island,Reg Media
5,baltic sea,5: baltic sea,Reg Media
0,energi island,0: energi island,Reg Media
3,offshor wind,3: offshor wind,Reg Media
5,baltic sea,5: baltic sea,Reg Media
0,energi island,0: energi island,Reg Media
4,energiø bornholm,4: energiø bornholm,Reg Media
5,baltic sea,5: baltic sea,Reg Media
3,offshor wind,3: offshor wind,Reg Media
0,energi island,0: energi island,Reg Media
0,energi island,0: energi island,Reg Media
0,energi island,0: energi island,Reg Media
3,offshor wind,3: offshor wind,Reg Media
7,wind turbin,7: wind turbin,Reg Media
8,energi system,8: energi system,Reg Media
0,energi island,0: energi island,Reg Media
7,wind turbin,7: wind turbin,Reg Media
4,energiø bornholm,4: energiø bornholm,Reg Media
5,baltic sea,5: baltic sea,Reg Media
5,baltic sea,5: baltic sea,Reg Media
6,municip council,6: municip council,Reg Media
4,energiø bornholm,4: energiø bornholm,Reg Media
0,energi island,0: energi island,Reg Media
7,wind turbin,7: wind turbin,Reg Media
7,wind turbin,7: wind turbin,Reg Media
6,municip council,6: municip council,Reg Media
7,wind turbin,7: wind turbin,Reg Media
7,wind turbin,7: wind turbin,Reg Media
6,municip council,6: municip council,Reg Media
4,energiø bornholm,4: energiø bornholm,Reg Media
0,energi island,0: energi island,Reg Media
7,wind turbin,7: wind turbin,Reg Media
1,renew energi,1: renew energi,Reg Media
5,baltic sea,5: baltic sea,Reg Media
0,energi island,0: energi island,Reg Media
0,energi island,0: energi island,Reg Media
6,municip council,6: municip council,Reg Media
5,baltic sea,5: baltic sea,Reg Media
4,energiø bornholm,4: energiø bornholm,Reg Media
7,wind turbin,7: wind turbin,Reg Media
6,municip council,6: municip council,Reg Media
0,energi island,0: energi island,Reg Media
1,renew energi,1: renew energi,Reg Media
0,energi island,0: energi island,Reg Media
6,municip council,6: municip council,Reg Media
6,municip council,6: municip council,Reg Media
7,wind turbin,7: wind turbin,Reg Media
4,energiø bornholm,4: energiø bornholm,Reg Media
0,energi island,0: energi island,Reg Media
3,offshor wind,3: offshor wind,Reg Media
9,offshor grid,9: offshor grid,Reg Media
7,wind turbin,7: wind turbin,Reg Media
0,energi island,0: energi island,Reg Media
5,baltic sea,5: baltic sea,Reg Media
4,energiø bornholm,4: energiø bornholm,Reg Media
7,wind turbin,7: wind turbin,Reg Media
7,wind turbin,7: wind turbin,Reg Media
5,baltic sea,5: baltic sea,Reg Media
6,municip council,6: municip council,Reg Media
5,baltic sea,5: baltic sea,Reg Media
0,energi island,0: energi island,Reg Media
5,baltic sea,5: baltic sea,Reg Media
5,baltic sea,5: baltic sea,Reg Media
7,wind turbin,7: wind turbin,Reg Media
5,baltic sea,5: baltic sea,Reg Media
4,energiø bornholm,4: energiø bornholm,Reg Media
4,energiø bornholm,4: energiø bornholm,Reg Media
5,baltic sea,5: baltic sea,Reg Media
4,energiø bornholm,4: energiø bornholm,Reg Media
7,wind turbin,7: wind turbin,Reg Media
4,energiø bornholm,4: energiø bornholm,Reg Media
0,energi island,0: energi island,Reg Media
5,baltic sea,5: baltic sea,Reg Media
0,energi island,0: energi island,Reg Media
7,wind turbin,7: wind turbin,Reg Media
7,wind turbin,7: wind turbin,Reg Media
6,municip council,6: municip council,Reg Media
3,offshor wind,3: offshor wind,Reg Media
6,municip council,6: municip council,Reg Media
4,energiø bornholm,4: energiø bornholm,Reg Media
6,municip council,6: municip council,Reg Media
6,municip council,6: municip council,Reg Media
7,wind turbin,7: wind turbin,Reg Media
4,energiø bornholm,4: energiø bornholm,Reg Media
6,municip council,6: municip council,Reg Media
6,municip council,6: municip council,Reg Media
4,energiø bornholm,4: energiø bornholm,Reg Media
6,municip council,6: municip council,Reg Media
6,municip council,6: municip council,Reg Media
4,energiø bornholm,4: energiø bornholm,Reg Media
7,wind turbin,7: wind turbin,Reg Media
7,wind turbin,7: wind turbin,Reg Media
3,offshor wind,3: offshor wind,Reg Media
6,municip council,6: municip council,Reg Media
5,baltic sea,5: baltic sea,Reg Media
6,municip council,6: municip council,Reg Media
6,municip council,6: municip council,Reg Media
5,baltic sea,5: baltic sea,Reg Media
1,renew energi,1: renew energi,Reg Media
5,baltic sea,5: baltic sea,Reg Media
4,energiø bornholm,4: energiø bornholm,Reg Media
3,offshor wind,3: offshor wind,Reg Media
4,energiø bornholm,4: energiø bornholm,Reg Media
6,municip council,6: municip council,Reg Media
6,municip council,6: municip council,Reg Media
4,energiø bornholm,4: energiø bornholm,Reg Media
0,energi island,0: energi island,Reg Media
0,energi island,0: energi island,Reg Media
6,municip council,6: municip council,Reg Media
1,renew energi,1: renew energi,Reg Media
5,baltic sea,5: baltic sea,Reg Media
5,baltic sea,5: baltic sea,Reg Media
5,baltic sea,5: baltic sea,Reg Media
0,energi island,0: energi island,Reg Media
0,energi island,0: energi island,Reg Media
5,baltic sea,5: baltic sea,Reg Media
4,energiø bornholm,4: energiø bornholm,Reg Media
0,energi island,0: energi island,Reg Media
0,energi island,0: energi island,Reg Media
7,wind turbin,7: wind turbin,Reg Media
3,offshor wind,3: offshor wind,Reg Media
4,energiø bornholm,4: energiø bornholm,Reg Media
6,municip council,6: municip council,Reg Media
1,renew energi,1: renew energi,Reg Media
6,municip council,6: municip council,Reg Media
0,energi island,0: energi island,Reg Media
5,baltic sea,5: baltic sea,Reg Media
6,municip council,6: municip council,Reg Media
0,energi island,0: energi island,Reg Media
4,energiø bornholm,4: energiø bornholm,Reg Media
4,energiø bornholm,4: energiø bornholm,Reg Media
0,energi island,0: energi island,Reg Media
5,baltic sea,5: baltic sea,Reg Media
0,energi island,0: energi island,Reg Media
0,energi island,0: energi island,Reg Media
5,baltic sea,5: baltic sea,Reg Media
3,offshor wind,3: offshor wind,Reg Media
3,offshor wind,3: offshor wind,Reg Media
5,baltic sea,5: baltic sea,Reg Media
4,energiø bornholm,4: energiø bornholm,Reg Media
6,municip council,6: municip council,Reg Media
0,energi island,0: energi island,Reg Media
0,energi island,0: energi island,Reg Media
0,energi island,0: energi island,Reg Media
0,energi island,0: energi island,Reg Media
4,energiø bornholm,4: energiø bornholm,Reg Media
0,energi island,0: energi island,Reg Media
0,energi island,0: energi island,Reg Media
0,energi island,0: energi island,Reg Media
6,municip council,6: municip council,Reg Media
0,energi island,0: energi island,Reg Media
7,wind turbin,7: wind turbin,Reg Media
6,municip council,6: municip council,Reg Media
0,energi island,0: energi island,Reg Media
7,wind turbin,7: wind turbin,Reg Media
7,wind turbin,7: wind turbin,Reg Media
3,offshor wind,3: offshor wind,Reg Media
6,municip council,6: municip council,Reg Media
5,baltic sea,5: baltic sea,Reg Media
3,offshor wind,3: offshor wind,Reg Media
1,renew energi,1: renew energi,Reg Media
0,energi island,0: energi island,Reg Media
6,municip council,6: municip council,Reg Media
6,municip council,6: municip council,Reg Media
4,energiø bornholm,4: energiø bornholm,Reg Media
7,wind turbin,7: wind turbin,Reg Media
6,municip council,6: municip council,Reg Media
6,municip council,6: municip council,Reg Media
6,municip council,6: municip council,Reg Media
6,municip council,6: municip council,Reg Media
5,baltic sea,5: baltic sea,Reg Media
0,energi island,0: energi island,Reg Media
6,municip council,6: municip council,Reg Media
5,baltic sea,5: baltic sea,Reg Media
6,municip council,6: municip council,Reg Media
6,municip council,6: municip council,Reg Media
6,municip council,6: municip council,Reg Media
1,renew energi,1: renew energi,Reg Media
6,municip council,6: municip council,Reg Media
6,municip council,6: municip council,Reg Media
4,energiø bornholm,4: energiø bornholm,Reg Media
4,energiø bornholm,4: energiø bornholm,Reg Media
4,energiø bornholm,4: energiø bornholm,Reg Media
6,municip council,6: municip council,Reg Media
4,energiø bornholm,4: energiø bornholm,Reg Media
5,baltic sea,5: baltic sea,Reg Media
4,energiø bornholm,4: energiø bornholm,Reg Media
0,energi island,0: energi island,Reg Media
5,baltic sea,5: baltic sea,Reg Media
0,energi island,0: energi island,Reg Media
0,energi island,0: energi island,Reg Media
0,energi island,0: energi island,Reg Media
0,energi island,0: energi island,Reg Media
0,energi island,0: energi island,Reg Media
0,energi island,0: energi island,Reg Media
6,municip council,6: municip council,Reg Media
6,municip council,6: municip council,Reg Media
6,municip council,6: municip council,Reg Media
0,energi island,0: energi island,Reg Media
6,municip council,6: municip council,Reg Media
5,baltic sea,5: baltic sea,Reg Media
6,municip council,6: municip council,Reg Media
0,energi island,0: energi island,Reg Media
5,baltic sea,5: baltic sea,Reg Media
5,baltic sea,5: baltic sea,Reg Media
7,wind turbin,7: wind turbin,Reg Media
0,energi island,0: energi island,Reg Media
0,energi island,0: energi island,Reg Media
6,municip council,6: municip council,Reg Media
0,energi island,0: energi island,Reg Media
3,offshor wind,3: offshor wind,Reg Media
6,municip council,6: municip council,Reg Media
0,energi island,0: energi island,Reg Media
0,energi island,0: energi island,Reg Media
6,municip council,6: municip council,Reg Media
0,energi island,0: energi island,Reg Media
5,baltic sea,5: baltic sea,Reg Media
5,baltic sea,5: baltic sea,Reg Media
7,wind turbin,7: wind turbin,Reg Media
5,baltic sea,5: baltic sea,Reg Media
0,energi island,0: energi island,Reg Media
5,baltic sea,5: baltic sea,Reg Media
5,baltic sea,5: baltic sea,Reg Media
5,baltic sea,5: baltic sea,Reg Media
5,baltic sea,5: baltic sea,Reg Media
4,energiø bornholm,4: energiø bornholm,Reg Media
6,municip council,6: municip council,Reg Media
4,energiø bornholm,4: energiø bornholm,Reg Media
3,offshor wind,3: offshor wind,Reg Media
0,energi island,0: energi island,Reg Media
4,energiø bornholm,4: energiø bornholm,Reg Media
6,municip council,6: municip council,Reg Media
6,municip council,6: municip council,Reg Media
3,offshor wind,3: offshor wind,Reg Media
3,offshor wind,3: offshor wind,Reg Media
4,energiø bornholm,4: energiø bornholm,Reg Media
5,baltic sea,5: baltic sea,Reg Media
6,municip council,6: municip council,Reg Media
3,offshor wind,3: offshor wind,Reg Media
6,municip council,6: municip council,Reg Media
5,baltic sea,5: baltic sea,Reg Media
0,energi island,0: energi island,Reg Media
7,wind turbin,7: wind turbin,Reg Media
6,municip council,6: municip council,Reg Media
6,municip council,6: municip council,Reg Media
6,municip council,6: municip council,Reg Media
0,energi island,0: energi island,Reg Media
5,baltic sea,5: baltic sea,Reg Media
4,energiø bornholm,4: energiø bornholm,Reg Media
5,baltic sea,5: baltic sea,Reg Media
4,energiø bornholm,4: energiø bornholm,Reg Media
4,energiø bornholm,4: energiø bornholm,Reg Media
4,energiø bornholm,4: energiø bornholm,Reg Media
1,renew energi,1: renew energi,Reg Media
4,energiø bornholm,4: energiø bornholm,Reg Media
0,energi island,0: energi island,Reg Media
4,energiø bornholm,4: energiø bornholm,Reg Media
0,energi island,0: energi island,Reg Media
5,baltic sea,5: baltic sea,Reg Media
0,energi island,0: energi island,Reg Media
5,baltic sea,5: baltic sea,Reg Media
6,municip council,6: municip council,Reg Media
5,baltic sea,5: baltic sea,Reg Media
1,renew energi,1: renew energi,Reg Media
0,energi island,0: energi island,Reg Media
5,baltic sea,5: baltic sea,Reg Media
3,offshor wind,3: offshor wind,Reg Media
0,energi island,0: energi island,Reg Media
3,offshor wind,3: offshor wind,Reg Media
5,baltic sea,5: baltic sea,Reg Media
6,municip council,6: municip council,Reg Media
0,energi island,0: energi island,Reg Media
0,energi island,0: energi island,Reg Media
5,baltic sea,5: baltic sea,Reg Media
0,energi island,0: energi island,Reg Media
5,baltic sea,5: baltic sea,Reg Media
1,renew energi,1: renew energi,Reg Media
6,municip council,6: municip council,Reg Media
6,municip council,6: municip council,Reg Media
6,municip council,6: municip council,Reg Media
7,wind turbin,7: wind turbin,Reg Media
5,baltic sea,5: baltic sea,Reg Media
5,baltic sea,5: baltic sea,Reg Media
3,offshor wind,3: offshor wind,Reg Media
6,municip council,6: municip council,Reg Media
3,offshor wind,3: offshor wind,Reg Media
7,wind turbin,7: wind turbin,Reg Media
3,offshor wind,3: offshor wind,Reg Media
4,energiø bornholm,4: energiø bornholm,Reg Media
4,energiø bornholm,4: energiø bornholm,Reg Media
7,wind turbin,7: wind turbin,Reg Media
4,energiø bornholm,4: energiø bornholm,Reg Media
5,baltic sea,5: baltic sea,Reg Media
0,energi island,0: energi island,Reg Media
4,energiø bornholm,4: energiø bornholm,Reg Media
3,offshor wind,3: offshor wind,Reg Media
1,renew energi,1: renew energi,Reg Media
7,wind turbin,7: wind turbin,Reg Media
6,municip council,6: municip council,Reg Media
5,baltic sea,5: baltic sea,Reg Media
4,energiø bornholm,4: energiø bornholm,Reg Media
4,energiø bornholm,4: energiø bornholm,Reg Media
5,baltic sea,5: baltic sea,Reg Media
6,municip council,6: municip council,Reg Media
3,offshor wind,3: offshor wind,Reg Media
5,baltic sea,5: baltic sea,Reg Media
5,baltic sea,5: baltic sea,Reg Media
5,baltic sea,5: baltic sea,Reg Media
5,baltic sea,5: baltic sea,Reg Media
5,baltic sea,5: baltic sea,Reg Media
6,municip council,6: municip council,Reg Media
5,baltic sea,5: baltic sea,Reg Media
6,municip council,6: municip council,Reg Media
4,energiø bornholm,4: energiø bornholm,Reg Media
7,wind turbin,7: wind turbin,Reg Media
6,municip council,6: municip council,Reg Media
6,municip council,6: municip council,Reg Media
5,baltic sea,5: baltic sea,Reg Media
6,municip council,6: municip council,Reg Media
5,baltic sea,5: baltic sea,Reg Media
6,municip council,6: municip council,Reg Media
5,baltic sea,5: baltic sea,Reg Media
5,baltic sea,5: baltic sea,Reg Media
5,baltic sea,5: baltic sea,Reg Media
6,municip council,6: municip council,Reg Media
7,wind turbin,7: wind turbin,Reg Media
7,wind turbin,7: wind turbin,Reg Media
5,baltic sea,5: baltic sea,Reg Media
3,offshor wind,3: offshor wind,Reg Media
6,municip council,6: municip council,Reg Media
6,municip council,6: municip council,Reg Media
0,energi island,0: energi island,Reg Media
0,energi island,0: energi island,Reg Media
5,baltic sea,5: baltic sea,Reg Media
3,offshor wind,3: offshor wind,Reg Media
0,energi island,0: energi island,Reg Media
0,energi island,0: energi island,Reg Media
6,municip council,6: municip council,Reg Media
0,energi island,0: energi island,Reg Media
6,municip council,6: municip council,Reg Media
4,energiø bornholm,4: energiø bornholm,Reg Media
6,municip council,6: municip council,Reg Media
7,wind turbin,7: wind turbin,Reg Media
3,offshor wind,3: offshor wind,Reg Media
3,offshor wind,3: offshor wind,Reg Media
3,offshor wind,3: offshor wind,Reg Media
6,municip council,6: municip council,Reg Media
6,municip council,6: municip council,Reg Media
6,municip council,6: municip council,Reg Media
3,offshor wind,3: offshor wind,Reg Media
7,wind turbin,7: wind turbin,Reg Media
0,energi island,0: energi island,Reg Media
0,energi island,0: energi island,Reg Media
5,baltic sea,5: baltic sea,Reg Media
0,energi island,0: energi island,Reg Media
7,wind turbin,7: wind turbin,Reg Media
0,energi island,0: energi island,Reg Media
6,municip council,6: municip council,Reg Media
5,baltic sea,5: baltic sea,Reg Media
3,offshor wind,3: offshor wind,Reg Media
0,energi island,0: energi island,Reg Media
5,baltic sea,5: baltic sea,Reg Media
5,baltic sea,5: baltic sea,Reg Media
7,wind turbin,7: wind turbin,Reg Media
7,wind turbin,7: wind turbin,Reg Media
7,wind turbin,7: wind turbin,Reg Media
7,wind turbin,7: wind turbin,Reg Media
6,municip council,6: municip council,Reg Media
0,energi island,0: energi island,Reg Media
5,baltic sea,5: baltic sea,Reg Media
5,baltic sea,5: baltic sea,Reg Media
5,baltic sea,5: baltic sea,Reg Media
6,municip council,6: municip council,Reg Media
3,offshor wind,3: offshor wind,Reg Media
6,municip council,6: municip council,Reg Media
5,baltic sea,5: baltic sea,Reg Media
7,wind turbin,7: wind turbin,Reg Media
0,energi island,0: energi island,Reg Media
6,municip council,6: municip council,Reg Media
6,municip council,6: municip council,Reg Media
5,baltic sea,5: baltic sea,Reg Media
6,municip council,6: municip council,Reg Media
5,baltic sea,5: baltic sea,Reg Media
5,baltic sea,5: baltic sea,Reg Media
6,municip council,6: municip council,Reg Media
5,baltic sea,5: baltic sea,Reg Media
4,energiø bornholm,4: energiø bornholm,Reg Media
6,municip council,6: municip council,Reg Media
5,baltic sea,5: baltic sea,Reg Media
4,energiø bornholm,4: energiø bornholm,Reg Media
7,wind turbin,7: wind turbin,Reg Media
0,energi island,0: energi island,Reg Media
7,wind turbin,7: wind turbin,Reg Media
7,wind turbin,7: wind turbin,Reg Media
5,baltic sea,5: baltic sea,Reg Media
7,wind turbin,7: wind turbin,Reg Media
1,renew energi,1: renew energi,Reg Media
3,offshor wind,3: offshor wind,Reg Media
7,wind turbin,7: wind turbin,Reg Media
3,offshor wind,3: offshor wind,Reg Media
4,energiø bornholm,4: energiø bornholm,Reg Media
7,wind turbin,7: wind turbin,Reg Media
3,offshor wind,3: offshor wind,Reg Media
5,baltic sea,5: baltic sea,Reg Media
1,renew energi,1: renew energi,Reg Media
6,municip council,6: municip council,Reg Media
4,energiø bornholm,4: energiø bornholm,Reg Media
6,municip council,6: municip council,Reg Media
3,offshor wind,3: offshor wind,Reg Media
6,municip council,6: municip council,Reg Media
6,municip council,6: municip council,Reg Media
5,baltic sea,5: baltic sea,Reg Media
5,baltic sea,5: baltic sea,Reg Media
0,energi island,0: energi island,Reg Media
7,wind turbin,7: wind turbin,Reg Media
6,municip council,6: municip council,Reg Media
6,municip council,6: municip council,Reg Media
5,baltic sea,5: baltic sea,Reg Media
0,energi island,0: energi island,Reg Media
4,energiø bornholm,4: energiø bornholm,Reg Media
0,energi island,0: energi island,Reg Media
0,energi island,0: energi island,Reg Media
0,energi island,0: energi island,Reg Media
0,energi island,0: energi island,Reg Media
6,municip council,6: municip council,Reg Media
5,baltic sea,5: baltic sea,Reg Media
5,baltic sea,5: baltic sea,Reg Media
6,municip council,6: municip council,Reg Media
6,municip council,6: municip council,Reg Media
6,municip council,6: municip council,Reg Media
0,energi island,0: energi island,Reg Media
0,energi island,0: energi island,Reg Media
6,municip council,6: municip council,Reg Media
6,municip council,6: municip council,Reg Media
6,municip council,6: municip council,Reg Media
4,energiø bornholm,4: energiø bornholm,Reg Media
4,energiø bornholm,4: energiø bornholm,Reg Media
5,baltic sea,5: baltic sea,Reg Media
4,energiø bornholm,4: energiø bornholm,Reg Media
1,renew energi,1: renew energi,Reg Media
7,wind turbin,7: wind turbin,Reg Media
6,municip council,6: municip council,Reg Media
5,baltic sea,5: baltic sea,Reg Media
7,wind turbin,7: wind turbin,Reg Media
0,energi island,0: energi island,Reg Media
6,municip council,6: municip council,Reg Media
6,municip council,6: municip council,Reg Media
5,baltic sea,5: baltic sea,Reg Media
7,wind turbin,7: wind turbin,Reg Media
5,baltic sea,5: baltic sea,Reg Media
9,offshor grid,9: offshor grid,Reg Media
4,energiø bornholm,4: energiø bornholm,Reg Media
5,baltic sea,5: baltic sea,Reg Media
0,energi island,0: energi island,Reg Media
5,baltic sea,5: baltic sea,Reg Media
5,baltic sea,5: baltic sea,Reg Media
6,municip council,6: municip council,Reg Media
6,municip council,6: municip council,Reg Media
5,baltic sea,5: baltic sea,Reg Media
0,energi island,0: energi island,Reg Media
5,baltic sea,5: baltic sea,Reg Media
5,baltic sea,5: baltic sea,Reg Media
5,baltic sea,5: baltic sea,Reg Media
6,municip council,6: municip council,Reg Media
0,energi island,0: energi island,Reg Media
5,baltic sea,5: baltic sea,Reg Media
5,baltic sea,5: baltic sea,Reg Media
5,baltic sea,5: baltic sea,Reg Media
5,baltic sea,5: baltic sea,Reg Media
5,baltic sea,5: baltic sea,Reg Media
5,baltic sea,5: baltic sea,Reg Media
6,municip council,6: municip council,Reg Media
4,energiø bornholm,4: energiø bornholm,Reg Media
4,energiø bornholm,4: energiø bornholm,Reg Media
6,municip council,6: municip council,Reg Media
8,energi system,8: energi system,Reg Media
6,municip council,6: municip council,Reg Media
5,baltic sea,5: baltic sea,Reg Media
6,municip council,6: municip council,Reg Media
5,baltic sea,5: baltic sea,Reg Media
4,energiø bornholm,4: energiø bornholm,Reg Media
6,municip council,6: municip council,Reg Media
4,energiø bornholm,4: energiø bornholm,Reg Media
6,municip council,6: municip council,Reg Media
3,offshor wind,3: offshor wind,Reg Media
7,wind turbin,7: wind turbin,Reg Media
0,energi island,0: energi island,Reg Media
7,wind turbin,7: wind turbin,Reg Media
4,energiø bornholm,4: energiø bornholm,Reg Media
4,energiø bornholm,4: energiø bornholm,Reg Media
5,baltic sea,5: baltic sea,Reg Media
0,energi island,0: energi island,Reg Media
6,municip council,6: municip council,Reg Media
5,baltic sea,5: baltic sea,Reg Media
6,municip council,6: municip council,Reg Media
6,municip council,6: municip council,Reg Media
5,baltic sea,5: baltic sea,Reg Media
3,offshor wind,3: offshor wind,Reg Media
6,municip council,6: municip council,Reg Media
6,municip council,6: municip council,Reg Media
6,municip council,6: municip council,Reg Media
0,energi island,0: energi island,Reg Media
6,municip council,6: municip council,Reg Media
5,baltic sea,5: baltic sea,Reg Media
6,municip council,6: municip council,Reg Media
0,energi island,0: energi island,Reg Media
4,energiø bornholm,4: energiø bornholm,Reg Media
4,energiø bornholm,4: energiø bornholm,Reg Media
4,energiø bornholm,4: energiø bornholm,Reg Media
4,energiø bornholm,4: energiø bornholm,Reg Media
7,wind turbin,7: wind turbin,Reg Media
4,energiø bornholm,4: energiø bornholm,Reg Media
6,municip council,6: municip council,Reg Media
6,municip council,6: municip council,Reg Media
6,municip council,6: municip council,Reg Media
4,energiø bornholm,4: energiø bornholm,Reg Media
6,municip council,6: municip council,Reg Media
5,baltic sea,5: baltic sea,Reg Media
0,energi island,0: energi island,Reg Media
7,wind turbin,7: wind turbin,Reg Media
6,municip council,6: municip council,Reg Media
0,energi island,0: energi island,Reg Media
5,baltic sea,5: baltic sea,Reg Media
0,energi island,0: energi island,Reg Media
0,energi island,0: energi island,Reg Media
5,baltic sea,5: baltic sea,Reg Media
5,baltic sea,5: baltic sea,Reg Media
0,energi island,0: energi island,Reg Media
7,wind turbin,7: wind turbin,Reg Media
0,energi island,0: energi island,Reg Media
4,energiø bornholm,4: energiø bornholm,Reg Media
5,baltic sea,5: baltic sea,Reg Media
7,wind turbin,7: wind turbin,Reg Media
0,energi island,0: energi island,Reg Media
5,baltic sea,5: baltic sea,Reg Media
6,municip council,6: municip council,Reg Media
0,energi island,0: energi island,Reg Media
0,energi island,0: energi island,Reg Media
6,municip council,6: municip council,Reg Media
6,municip council,6: municip council,Reg Media
6,municip council,6: municip council,Reg Media
6,municip council,6: municip council,Reg Media
0,energi island,0: energi island,Reg Media
6,municip council,6: municip council,Reg Media
6,municip council,6: municip council,Reg Media
0,energi island,0: energi island,Reg Media
5,baltic sea,5: baltic sea,Reg Media
7,wind turbin,7: wind turbin,Reg Media
4,energiø bornholm,4: energiø bornholm,Reg Media
5,baltic sea,5: baltic sea,Reg Media
5,baltic sea,5: baltic sea,Reg Media
6,municip council,6: municip council,Reg Media
6,municip council,6: municip council,Reg Media
4,energiø bornholm,4: energiø bornholm,Reg Media
6,municip council,6: municip council,Reg Media
4,energiø bornholm,4: energiø bornholm,Reg Media
4,energiø bornholm,4: energiø bornholm,Reg Media
0,energi island,0: energi island,Reg Media
4,energiø bornholm,4: energiø bornholm,Reg Media
7,wind turbin,7: wind turbin,Reg Media
4,energiø bornholm,4: energiø bornholm,Reg Media
4,energiø bornholm,4: energiø bornholm,Reg Media
6,municip council,6: municip council,Reg Media
5,baltic sea,5: baltic sea,Reg Media
0,energi island,0: energi island,Reg Media
0,energi island,0: energi island,Reg Media
4,energiø bornholm,4: energiø bornholm,Reg Media
6,municip council,6: municip council,Reg Media
6,municip council,6: municip council,Reg Media
4,energiø bornholm,4: energiø bornholm,Reg Media
4,energiø bornholm,4: energiø bornholm,Reg Media
6,municip council,6: municip council,Reg Media
7,wind turbin,7: wind turbin,Reg Media
4,energiø bornholm,4: energiø bornholm,Reg Media
7,wind turbin,7: wind turbin,Reg Media
5,baltic sea,5: baltic sea,Reg Media
7,wind turbin,7: wind turbin,Reg Media
7,wind turbin,7: wind turbin,Reg Media
6,municip council,6: municip council,Reg Media
7,wind turbin,7: wind turbin,Reg Media
4,energiø bornholm,4: energiø bornholm,Reg Media
6,municip council,6: municip council,Reg Media
4,energiø bornholm,4: energiø bornholm,Reg Media
0,energi island,0: energi island,Reg Media
7,wind turbin,7: wind turbin,Reg Media
6,municip council,6: municip council,Reg Media
6,municip council,6: municip council,Reg Media
2,wind farm,2: wind farm,Sci Media
3,offshor wind,3: offshor wind,Sci Media
8,energi system,8: energi system,Sci Media
8,energi system,8: energi system,Sci Media
1,renew energi,1: renew energi,Sci Media
2,wind farm,2: wind farm,Sci Media
8,energi system,8: energi system,Sci Media
9,offshor grid,9: offshor grid,Sci Media
2,wind farm,2: wind farm,Sci Media
8,energi system,8: energi system,Sci Media
8,energi system,8: energi system,Sci Media
3,offshor wind,3: offshor wind,Sci Media
2,wind farm,2: wind farm,Sci Media
2,wind farm,2: wind farm,Sci Media
2,wind farm,2: wind farm,Sci Media
3,offshor wind,3: offshor wind,Sci Media
2,wind farm,2: wind farm,Sci Media
9,offshor grid,9: offshor grid,Sci Media
1,renew energi,1: renew energi,Sci Media
8,energi system,8: energi system,Sci Media
1,renew energi,1: renew energi,Sci Media
3,offshor wind,3: offshor wind,Sci Media
1,renew energi,1: renew energi,Sci Media
8,energi system,8: energi system,Sci Media
5,baltic sea,5: baltic sea,Sci Media
1,renew energi,1: renew energi,Sci Media
9,offshor grid,9: offshor grid,Sci Media
9,offshor grid,9: offshor grid,Sci Media
1,renew energi,1: renew energi,Sci Media
8,energi system,8: energi system,Sci Media
2,wind farm,2: wind farm,Sci Media
1,renew energi,1: renew energi,Sci Media
9,offshor grid,9: offshor grid,Sci Media
8,energi system,8: energi system,Sci Media
8,energi system,8: energi system,Sci Media
9,offshor grid,9: offshor grid,Sci Media
8,energi system,8: energi system,Sci Media
8,energi system,8: energi system,Sci Media
1,renew energi,1: renew energi,Sci Media
3,offshor wind,3: offshor wind,Sci Media
3,offshor wind,3: offshor wind,Sci Media
9,offshor grid,9: offshor grid,Sci Media
9,offshor grid,9: offshor grid,Sci Media
1,renew energi,1: renew energi,Sci Media
2,wind farm,2: wind farm,Sci Media
3,offshor wind,3: offshor wind,Sci Media
2,wind farm,2: wind farm,Sci Media
1,renew energi,1: renew energi,Sci Media
8,energi system,8: energi system,Sci Media
1,renew energi,1: renew energi,Sci Media
2,wind farm,2: wind farm,Sci Media
8,energi system,8: energi system,Sci Media
2,wind farm,2: wind farm,Sci Media
2,wind farm,2: wind farm,Sci Media
1,renew energi,1: renew energi,Sci Media
2,wind farm,2: wind farm,Sci Media
8,energi system,8: energi system,Sci Media
3,offshor wind,3: offshor wind,Sci Media
9,offshor grid,9: offshor grid,Sci Media
3,offshor wind,3: offshor wind,Sci Media
2,wind farm,2: wind farm,Sci Media
9,offshor grid,9: offshor grid,Sci Media
8,energi system,8: energi system,Sci Media
3,offshor wind,3: offshor wind,Sci Media
9,offshor grid,9: offshor grid,Sci Media
8,energi system,8: energi system,Sci Media
8,energi system,8: energi system,Sci Media
2,wind farm,2: wind farm,Sci Media
8,energi system,8: energi system,Sci Media
2,wind farm,2: wind farm,Sci Media
9,offshor grid,9: offshor grid,Sci Media
2,wind farm,2: wind farm,Sci Media
9,offshor grid,9: offshor grid,Sci Media
8,energi system,8: energi system,Sci Media
1,renew energi,1: renew energi,Sci Media
8,energi system,8: energi system,Sci Media
1,renew energi,1: renew energi,Sci Media
1,renew energi,1: renew energi,Sci Media
8,energi system,8: energi system,Sci Media
8,energi system,8: energi system,Sci Media
3,offshor wind,3: offshor wind,Sci Media
2,wind farm,2: wind farm,Sci Media
3,offshor wind,3: offshor wind,Sci Media
8,energi system,8: energi system,Sci Media
2,wind farm,2: wind farm,Sci Media
9,offshor grid,9: offshor grid,Sci Media
3,offshor wind,3: offshor wind,Sci Media
1,renew energi,1: renew energi,Sci Media
9,offshor grid,9: offshor grid,Sci Media
9,offshor grid,9: offshor grid,Sci Media
2,wind farm,2: wind farm,Sci Media
2,wind farm,2: wind farm,Sci Media
8,energi system,8: energi system,Sci Media
9,offshor grid,9: offshor grid,Sci Media
1,renew energi,1: renew energi,Sci Media
2,wind farm,2: wind farm,Sci Media
1,renew energi,1: renew energi,Sci Media
8,energi system,8: energi system,Sci Media
9,offshor grid,9: offshor grid,Sci Media
1,renew energi,1: renew energi,Sci Media
2,wind farm,2: wind farm,Sci Media
8,energi system,8: energi system,Sci Media
8,energi system,8: energi system,Sci Media
1,renew energi,1: renew energi,Sci Media
1,renew energi,1: renew energi,Sci Media
1,renew energi,1: renew energi,Sci Media
8,energi system,8: energi system,Sci Media
1,renew energi,1: renew energi,Sci Media
8,energi system,8: energi system,Sci Media
3,offshor wind,3: offshor wind,Sci Media
3,offshor wind,3: offshor wind,Sci Media
8,energi system,8: energi system,Sci Media
2,wind farm,2: wind farm,Sci Media
8,energi system,8: energi system,Sci Media
1,renew energi,1: renew energi,Sci Media
1,renew energi,1: renew energi,Sci Media
8,energi system,8: energi system,Sci Media
9,offshor grid,9: offshor grid,Sci Media
2,wind farm,2: wind farm,Sci Media
3,offshor wind,3: offshor wind,Sci Media
8,energi system,8: energi system,Sci Media
1,renew energi,1: renew energi,Sci Media
9,offshor grid,9: offshor grid,Sci Media
8,energi system,8: energi system,Sci Media
1,renew energi,1: renew energi,Sci Media
9,offshor grid,9: offshor grid,Sci Media
2,wind farm,2: wind farm,Sci Media
3,offshor wind,3: offshor wind,Sci Media
2,wind farm,2: wind farm,Sci Media
9,offshor grid,9: offshor grid,Sci Media
9,offshor grid,9: offshor grid,Sci Media
2,wind farm,2: wind farm,Sci Media
2,wind farm,2: wind farm,Sci Media
8,energi system,8: energi system,Sci Media
7,wind turbin,7: wind turbin,Sci Media
9,offshor grid,9: offshor grid,Sci Media
2,wind farm,2: wind farm,Sci Media
0,energi island,0: energi island,Sci Media
8,energi system,8: energi system,Sci Media
8,energi system,8: energi system,Sci Media
8,energi system,8: energi system,Sci Media
0,energi island,0: energi island,Sci Media
1,renew energi,1: renew energi,Sci Media
2,wind farm,2: wind farm,Sci Media
2,wind farm,2: wind farm,Sci Media
1,renew energi,1: renew energi,Sci Media
9,offshor grid,9: offshor grid,Sci Media
1,renew energi,1: renew energi,Sci Media
9,offshor grid,9: offshor grid,Sci Media
2,wind farm,2: wind farm,Sci Media
1,renew energi,1: renew energi,Sci Media
1,renew energi,1: renew energi,Sci Media
1,renew energi,1: renew energi,Sci Media
8,energi system,8: energi system,Sci Media
9,offshor grid,9: offshor grid,Sci Media
1,renew energi,1: renew energi,Sci Media
8,energi system,8: energi system,Sci Media
8,energi system,8: energi system,Sci Media
2,wind farm,2: wind farm,Sci Media
1,renew energi,1: renew energi,Sci Media
8,energi system,8: energi system,Sci Media
8,energi system,8: energi system,Sci Media
2,wind farm,2: wind farm,Sci Media
7,wind turbin,7: wind turbin,Sci Media
2,wind farm,2: wind farm,Sci Media
1,renew energi,1: renew energi,Sci Media
8,energi system,8: energi system,Sci Media
8,energi system,8: energi system,Sci Media
5,baltic sea,5: baltic sea,Sci Media
9,offshor grid,9: offshor grid,Sci Media
9,offshor grid,9: offshor grid,Sci Media
2,wind farm,2: wind farm,Sci Media
1,renew energi,1: renew energi,Sci Media
4,energiø bornholm,4: energiø bornholm,Sci Media
2,wind farm,2: wind farm,Sci Media
9,offshor grid,9: offshor grid,Sci Media
8,energi system,8: energi system,Sci Media
1,renew energi,1: renew energi,Sci Media
8,energi system,8: energi system,Sci Media
1,renew energi,1: renew energi,Sci Media
2,wind farm,2: wind farm,Sci Media
8,energi system,8: energi system,Sci Media
9,offshor grid,9: offshor grid,Sci Media
1,renew energi,1: renew energi,Sci Media
2,wind farm,2: wind farm,Sci Media
3,offshor wind,3: offshor wind,Sci Media
1,renew energi,1: renew energi,Sci Media
8,energi system,8: energi system,Sci Media
8,energi system,8: energi system,Sci Media
8,energi system,8: energi system,Sci Media
8,energi system,8: energi system,Sci Media
8,energi system,8: energi system,Sci Media
9,offshor grid,9: offshor grid,Sci Media
2,wind farm,2: wind farm,Sci Media
1,renew energi,1: renew energi,Sci Media
1,renew energi,1: renew energi,Sci Media
2,wind farm,2: wind farm,Sci Media
1,renew energi,1: renew energi,Sci Media
9,offshor grid,9: offshor grid,Sci Media
1,renew energi,1: renew energi,Sci Media
2,wind farm,2: wind farm,Sci Media
8,energi system,8: energi system,Sci Media
8,energi system,8: energi system,Sci Media
2,wind farm,2: wind farm,Sci Media
2,wind farm,2: wind farm,Sci Media
2,wind farm,2: wind farm,Sci Media
9,offshor grid,9: offshor grid,Sci Media
1,renew energi,1: renew energi,Sci Media
8,energi system,8: energi system,Sci Media
8,energi system,8: energi system,Sci Media
1,renew energi,1: renew energi,Sci Media
9,offshor grid,9: offshor grid,Sci Media
9,offshor grid,9: offshor grid,Sci Media
9,offshor grid,9: offshor grid,Sci Media
2,wind farm,2: wind farm,Sci Media
9,offshor grid,9: offshor grid,Sci Media
9,offshor grid,9: offshor grid,Sci Media
2,wind farm,2: wind farm,Sci Media
9,offshor grid,9: offshor grid,Sci Media
2,wind farm,2: wind farm,Sci Media
2,wind farm,2: wind farm,Sci Media
2,wind farm,2: wind farm,Sci Media
8,energi system,8: energi system,Sci Media
2,wind farm,2: wind farm,Sci Media
8,energi system,8: energi system,Sci Media
8,energi system,8: energi system,Sci Media
8,energi system,8: energi system,Sci Media
8,energi system,8: energi system,Sci Media
2,wind farm,2: wind farm,Sci Media
2,wind farm,2: wind farm,Sci Media
8,energi system,8: energi system,Sci Media
9,offshor grid,9: offshor grid,Sci Media
2,wind farm,2: wind farm,Sci Media
8,energi system,8: energi system,Sci Media
9,offshor grid,9: offshor grid,Sci Media
8,energi system,8: energi system,Sci Media
2,wind farm,2: wind farm,Sci Media
8,energi system,8: energi system,Sci Media
8,energi system,8: energi system,Sci Media
8,energi system,8: energi system,Sci Media
9,offshor grid,9: offshor grid,Sci Media
1,renew energi,1: renew energi,Sci Media
2,wind farm,2: wind farm,Sci Media
1,renew energi,1: renew energi,Sci Media
9,offshor grid,9: offshor grid,Sci Media
1,renew energi,1: renew energi,Sci Media
9,offshor grid,9: offshor grid,Sci Media
8,energi system,8: energi system,Sci Media
2,wind farm,2: wind farm,Sci Media
2,wind farm,2: wind farm,Sci Media
2,wind farm,2: wind farm,Sci Media
2,wind farm,2: wind farm,Sci Media
1,renew energi,1: renew energi,Sci Media
2,wind farm,2: wind farm,Sci Media
8,energi system,8: energi system,Sci Media
9,offshor grid,9: offshor grid,Sci Media
2,wind farm,2: wind farm,Sci Media
2,wind farm,2: wind farm,Sci Media
8,energi system,8: energi system,Sci Media
1,renew energi,1: renew energi,Sci Media
9,offshor grid,9: offshor grid,Sci Media
8,energi system,8: energi system,Sci Media
1,renew energi,1: renew energi,Sci Media
2,wind farm,2: wind farm,Sci Media
9,offshor grid,9: offshor grid,Sci Media
2,wind farm,2: wind farm,Sci Media
9,offshor grid,9: offshor grid,Sci Media
9,offshor grid,9: offshor grid,Sci Media
2,wind farm,2: wind farm,Sci Media
2,wind farm,2: wind farm,Sci Media
9,offshor grid,9: offshor grid,Sci Media
1,renew energi,1: renew energi,Sci Media
9,offshor grid,9: offshor grid,Sci Media
8,energi system,8: energi system,Sci Media
8,energi system,8: energi system,Sci Media
8,energi system,8: energi system,Sci Media
1,renew energi,1: renew energi,Sci Media
2,wind farm,2: wind farm,Sci Media
9,offshor grid,9: offshor grid,Sci Media
9,offshor grid,9: offshor grid,Sci Media
9,offshor grid,9: offshor grid,Sci Media
2,wind farm,2: wind farm,Sci Media
9,offshor grid,9: offshor grid,Sci Media
9,offshor grid,9: offshor grid,Sci Media
5,baltic sea,5: baltic sea,Sci Media
8,energi system,8: energi system,Sci Media
2,wind farm,2: wind farm,Sci Media
9,offshor grid,9: offshor grid,Sci Media
2,wind farm,2: wind farm,Sci Media
8,energi system,8: energi system,Sci Media
9,offshor grid,9: offshor grid,Sci Media
2,wind farm,2: wind farm,Sci Media
1,renew energi,1: renew energi,Sci Media
9,offshor grid,9: offshor grid,Sci Media
9,offshor grid,9: offshor grid,Sci Media
9,offshor grid,9: offshor grid,Sci Media
8,energi system,8: energi system,Sci Media
1,renew energi,1: renew energi,Sci Media
9,offshor grid,9: offshor grid,Sci Media
2,wind farm,2: wind farm,Sci Media
1,renew energi,1: renew energi,Sci Media
2,wind farm,2: wind farm,Sci Media
8,energi system,8: energi system,Sci Media
8,energi system,8: energi system,Sci Media
9,offshor grid,9: offshor grid,Sci Media
9,offshor grid,9: offshor grid,Sci Media
2,wind farm,2: wind farm,Sci Media
2,wind farm,2: wind farm,Sci Media
9,offshor grid,9: offshor grid,Sci Media
1,renew energi,1: renew energi,Sci Media
2,wind farm,2: wind farm,Sci Media
2,wind farm,2: wind farm,Sci Media
9,offshor grid,9: offshor grid,Sci Media
2,wind farm,2: wind farm,Sci Media
9,offshor grid,9: offshor grid,Sci Media
2,wind farm,2: wind farm,Sci Media
1,renew energi,1: renew energi,Sci Media
2,wind farm,2: wind farm,Sci Media
2,wind farm,2: wind farm,Sci Media
9,offshor grid,9: offshor grid,Sci Media
2,wind farm,2: wind farm,Sci Media
2,wind farm,2: wind farm,Sci Media
2,wind farm,2: wind farm,Sci Media
2,wind farm,2: wind farm,Sci Media
9,offshor grid,9: offshor grid,Sci Media
8,energi system,8: energi system,Sci Media
8,energi system,8: energi system,Sci Media
8,energi system,8: energi system,Sci Media
1,renew energi,1: renew energi,Sci Media
8,energi system,8: energi system,Sci Media
2,wind farm,2: wind farm,Sci Media
2,wind farm,2: wind farm,Sci Media
8,energi system,8: energi system,Sci Media
9,offshor grid,9: offshor grid,Sci Media
9,offshor grid,9: offshor grid,Sci Media
2,wind farm,2: wind farm,Sci Media
2,wind farm,2: wind farm,Sci Media
9,offshor grid,9: offshor grid,Sci Media
2,wind farm,2: wind farm,Sci Media
9,offshor grid,9: offshor grid,Sci Media
0,energi island,0: energi island,Sci Media
2,wind farm,2: wind farm,Sci Media
1,renew energi,1: renew energi,Sci Media
9,offshor grid,9: offshor grid,Sci Media
2,wind farm,2: wind farm,Sci Media
9,offshor grid,9: offshor grid,Sci Media
2,wind farm,2: wind farm,Sci Media
9,offshor grid,9: offshor grid,Sci Media
9,offshor grid,9: offshor grid,Sci Media
2,wind farm,2: wind farm,Sci Media
2,wind farm,2: wind farm,Sci Media
2,wind farm,2: wind farm,Sci Media
8,energi system,8: energi system,Sci Media
8,energi system,8: energi system,Sci Media
9,offshor grid,9: offshor grid,Sci Media
9,offshor grid,9: offshor grid,Sci Media
9,offshor grid,9: offshor grid,Sci Media
7,wind turbin,7: wind turbin,Sci Media
2,wind farm,2: wind farm,Sci Media
2,wind farm,2: wind farm,Sci Media
1,renew energi,1: renew energi,Sci Media
8,energi system,8: energi system,Sci Media
9,offshor grid,9: offshor grid,Sci Media
8,energi system,8: energi system,Sci Media
9,offshor grid,9: offshor grid,Sci Media
9,offshor grid,9: offshor grid,Sci Media
2,wind farm,2: wind farm,Sci Media
2,wind farm,2: wind farm,Sci Media
9,offshor grid,9: offshor grid,Sci Media
9,offshor grid,9: offshor grid,Sci Media
2,wind farm,2: wind farm,Sci Media
1,renew energi,1: renew energi,Sci Media
9,offshor grid,9: offshor grid,Sci Media
9,offshor grid,9: offshor grid,Sci Media
2,wind farm,2: wind farm,Sci Media
8,energi system,8: energi system,Sci Media
8,energi system,8: energi system,Sci Media
8,energi system,8: energi system,Sci Media
9,offshor grid,9: offshor grid,Sci Media
2,wind farm,2: wind farm,Sci Media
9,offshor grid,9: offshor grid,Sci Media
2,wind farm,2: wind farm,Sci Media
8,energi system,8: energi system,Sci Media
3,offshor wind,3: offshor wind,Sci Media
9,offshor grid,9: offshor grid,Sci Media
9,offshor grid,9: offshor grid,Sci Media
9,offshor grid,9: offshor grid,Sci Media
2,wind farm,2: wind farm,Sci Media
2,wind farm,2: wind farm,Sci Media
1,renew energi,1: renew energi,Sci Media
8,energi system,8: energi system,Sci Media
9,offshor grid,9: offshor grid,Sci Media
9,offshor grid,9: offshor grid,Sci Media
8,energi system,8: energi system,Sci Media
1,renew energi,1: renew energi,Sci Media
9,offshor grid,9: offshor grid,Sci Media
1,renew energi,1: renew energi,Sci Media
9,offshor grid,9: offshor grid,Sci Media
2,wind farm,2: wind farm,Sci Media
2,wind farm,2: wind farm,Sci Media
2,wind farm,2: wind farm,Sci Media
2,wind farm,2: wind farm,Sci Media
8,energi system,8: energi system,Sci Media
9,offshor grid,9: offshor grid,Sci Media
8,energi system,8: energi system,Sci Media
9,offshor grid,9: offshor grid,Sci Media
9,offshor grid,9: offshor grid,Sci Media
9,offshor grid,9: offshor grid,Sci Media
9,offshor grid,9: offshor grid,Sci Media
1,renew energi,1: renew energi,Sci Media
2,wind farm,2: wind farm,Sci Media
2,wind farm,2: wind farm,Sci Media
2,wind farm,2: wind farm,Sci Media
8,energi system,8: energi system,Sci Media
9,offshor grid,9: offshor grid,Sci Media
9,offshor grid,9: offshor grid,Sci Media
8,energi system,8: energi system,Sci Media
9,offshor grid,9: offshor grid,Sci Media
2,wind farm,2: wind farm,Sci Media
2,wind farm,2: wind farm,Sci Media
8,energi system,8: energi system,Sci Media
8,energi system,8: energi system,Sci Media
9,offshor grid,9: offshor grid,Sci Media
9,offshor grid,9: offshor grid,Sci Media
2,wind farm,2: wind farm,Sci Media
9,offshor grid,9: offshor grid,Sci Media
9,offshor grid,9: offshor grid,Sci Media
2,wind farm,2: wind farm,Sci Media
9,offshor grid,9: offshor grid,Sci Media
9,offshor grid,9: offshor grid,Sci Media
9,offshor grid,9: offshor grid,Sci Media
9,offshor grid,9: offshor grid,Sci Media
2,wind farm,2: wind farm,Sci Media
3,offshor wind,3: offshor wind,Sci Media
1,renew energi,1: renew energi,Sci Media
9,offshor grid,9: offshor grid,Sci Media
8,energi system,8: energi system,Sci Media
2,wind farm,2: wind farm,Sci Media
2,wind farm,2: wind farm,Sci Media
9,offshor grid,9: offshor grid,Sci Media
9,offshor grid,9: offshor grid,Sci Media
9,offshor grid,9: offshor grid,Sci Media
9,offshor grid,9: offshor grid,Sci Media
2,wind farm,2: wind farm,Sci Media
2,wind farm,2: wind farm,Sci Media
8,energi system,8: energi system,Sci Media
8,energi system,8: energi system,Sci Media
2,wind farm,2: wind farm,Sci Media
9,offshor grid,9: offshor grid,Sci Media
2,wind farm,2: wind farm,Sci Media
9,offshor grid,9: offshor grid,Sci Media
2,wind farm,2: wind farm,Sci Media
9,offshor grid,9: offshor grid,Sci Media
2,wind farm,2: wind farm,Sci Media
2,wind farm,2: wind farm,Sci Media
9,offshor grid,9: offshor grid,Sci Media
9,offshor grid,9: offshor grid,Sci Media
9,offshor grid,9: offshor grid,Sci Media
9,offshor grid,9: offshor grid,Sci Media
9,offshor grid,9: offshor grid,Sci Media
2,wind farm,2: wind farm,Sci Media
9,offshor grid,9: offshor grid,Sci Media
9,offshor grid,9: offshor grid,Sci Media
2,wind farm,2: wind farm,Sci Media
9,offshor grid,9: offshor grid,Sci Media
9,offshor grid,9: offshor grid,Sci Media
9,offshor grid,9: offshor grid,Sci Media
9,offshor grid,9: offshor grid,Sci Media
9,offshor grid,9: offshor grid,Sci Media
9,offshor grid,9: offshor grid,Sci Media
1,renew energi,1: renew energi,Sci Media
8,energi system,8: energi system,Sci Media
2,wind farm,2: wind farm,Sci Media
8,energi system,8: energi system,Sci Media
9,offshor grid,9: offshor grid,Sci Media
0,energi island,0: energi island,Sci Media
9,offshor grid,9: offshor grid,Sci Media
8,energi system,8: energi system,Sci Media
9,offshor grid,9: offshor grid,Sci Media
9,offshor grid,9: offshor grid,Sci Media
2,wind farm,2: wind farm,Sci Media
9,offshor grid,9: offshor grid,Sci Media
9,offshor grid,9: offshor grid,Sci Media
9,offshor grid,9: offshor grid,Sci Media
9,offshor grid,9: offshor grid,Sci Media
9,offshor grid,9: offshor grid,Sci Media
9,offshor grid,9: offshor grid,Sci Media
8,energi system,8: energi system,Sci Media
8,energi system,8: energi system,Sci Media
8,energi system,8: energi system,Sci Media
1,renew energi,1: renew energi,Sci Media
8,energi system,8: energi system,Sci Media
7,wind turbin,7: wind turbin,Sci Media
8,energi system,8: energi system,Sci Media
8,energi system,8: energi system,Sci Media
9,offshor grid,9: offshor grid,Sci Media
8,energi system,8: energi system,Sci Media
7,wind turbin,7: wind turbin,Sci Media
9,offshor grid,9: offshor grid,Sci Media
2,wind farm,2: wind farm,Sci Media
2,wind farm,2: wind farm,Sci Media
1,renew energi,1: renew energi,Sci Media
9,offshor grid,9: offshor grid,Sci Media
9,offshor grid,9: offshor grid,Sci Media
1,renew energi,1: renew energi,Sci Media
8,energi system,8: energi system,Sci Media
1,renew energi,1: renew energi,Sci Media
2,wind farm,2: wind farm,Sci Media
8,energi system,8: energi system,Sci Media
9,offshor grid,9: offshor grid,Sci Media
9,offshor grid,9: offshor grid,Sci Media
1,renew energi,1: renew energi,Sci Media
1,renew energi,1: renew energi,Sci Media
8,energi system,8: energi system,Sci Media
8,energi system,8: energi system,Sci Media
8,energi system,8: energi system,Sci Media
8,energi system,8: energi system,Sci Media
9,offshor grid,9: offshor grid,Sci Media
9,offshor grid,9: offshor grid,Sci Media
9,offshor grid,9: offshor grid,Sci Media
8,energi system,8: energi system,Sci Media
8,energi system,8: energi system,Sci Media
8,energi system,8: energi system,Sci Media
9,offshor grid,9: offshor grid,Sci Media
3,offshor wind,3: offshor wind,Sci Media
9,offshor grid,9: offshor grid,Sci Media
1,renew energi,1: renew energi,Sci Media
2,wind farm,2: wind farm,Sci Media
8,energi system,8: energi system,Sci Media
1,renew energi,1: renew energi,Sci Media
1,renew energi,1: renew energi,Sci Media
8,energi system,8: energi system,Sci Media
8,energi system,8: energi system,Sci Media
9,offshor grid,9: offshor grid,Sci Media
1,renew energi,1: renew energi,Sci Media
8,energi system,8: energi system,Sci Media
2,wind farm,2: wind farm,Sci Media
1,renew energi,1: renew energi,Sci Media
8,energi system,8: energi system,Sci Media
9,offshor grid,9: offshor grid,Sci Media
8,energi system,8: energi system,Sci Media
2,wind farm,2: wind farm,Sci Media
9,offshor grid,9: offshor grid,Sci Media
8,energi system,8: energi system,Sci Media
