0,1,2,3,4,5,6,7,8,9
0.15977602791724307,0.0,0.01852975085063898,0.02865261143354373,0.0,0.0,0.0,0.0,0.0,0.0
0.03613540254088255,0.0,0.0,0.05637106142859526,0.0029321645080102945,0.0,0.0,0.05951554405604072,0.0,0.0
0.04164244332422145,0.029833746106928162,0.0,0.00732240627311992,0.001939387018376467,0.08254285189406928,0.22524340516268063,0.028988746748706638,0.0,0.0
0.05951065634492432,0.0,0.0,0.0,0.08102505706589078,0.0,0.03035373589495452,0.07048046072201569,0.0,0.0
0.02040436530348485,0.0,0.03448842760380228,0.09291232986319373,0.1224601958726546,0.03371489601276123,0.0,0.0036768427297343034,0.0,0.0
0.022917889286069793,0.16877151385891861,0.0,0.0,0.014310467463194821,0.07621618001140194,0.0,0.10491503476772261,0.0,0.004874866922507997
0.039094037362996034,0.05055458786697781,0.02722685497326272,0.030877132346122216,0.02777252276334556,0.023740306674922728,0.0,0.0,0.0006548751538569629,0.00988449982691266
0.02405203420674453,0.011832762463729201,0.03208826704482881,0.020021718978611873,0.021765980362335083,0.02091448907804926,0.0,0.12173563657850889,0.0,0.0
0.025332883591019033,0.050753050137253945,0.0,0.0,0.0055949334746132895,0.15535634344994542,0.0,0.007492907423523942,0.0007538581531850853,0.0
0.0,0.0,0.00033711161633005873,0.0,0.0,0.2748620049455338,0.016240947127835793,0.0,0.0,0.0020941424642060376
0.0,0.079998536731247,0.0,0.0016390757899353908,0.07251610656045276,0.1593424321111671,0.0,0.0,0.003917839747505956,0.018091671749514877
0.011235165606905849,0.17815702796374153,0.0,0.020443566791151203,0.017922378156495784,0.0,0.0,0.06863243813120501,0.0,0.0
0.05093757681512277,0.08067596089406338,0.0,0.0775927215678179,0.027122488344148852,0.032097931972272925,0.008676563006592274,0.0,0.0011047144971262776,0.0
0.1104005219374542,0.0,0.0,0.012136041814264665,0.1403648730603274,0.0,0.0,0.0,0.0,0.0
0.047191393015736875,0.011513636046620973,0.0,0.0,0.056890354145382314,0.06245319919242777,0.029245672387685197,0.13497701107625187,0.0011282657978241306,0.030631231118111415
0.02405203420674453,0.011832762463729201,0.03208826704482881,0.020021718978611873,0.021765980362335083,0.02091448907804926,0.0,0.12173563657850889,0.0,0.0
0.0653947456096995,0.06274521661281743,0.013646590036309041,0.0,0.05987240398272789,0.04502113092745492,0.019683971440031627,0.057663367911367384,0.0011100316673937041,0.0
0.0,0.03655006286923198,0.00027782204196235037,0.022168144000754664,0.03290645434551173,0.21525425611844412,0.0014896679643876427,0.052423027607028515,0.0010067518884177907,0.0030602752942303136
0.0013492128141663765,0.28360043321109446,0.0054636883418036995,0.0205267922763217,0.023328976151129437,0.036969938623402386,0.0366737528134294,0.03606393767882086,0.0,0.0
0.0018796222399799067,0.007896776768853569,0.00047308642193121615,0.0,0.001978870087576034,0.0,0.005512430467553997,0.0015014406828526713,0.5411956333314749,0.0
0.0,0.0014322802328457294,0.036978387278215855,0.06781158874852103,0.07159550982548063,0.0,0.0,0.1017110812277323,0.0,0.0
0.065750363087124,0.00939585766463898,0.0,0.013152395155047259,0.041434832724699625,0.022666768015541558,0.0,0.0,0.0007198443699327005,0.03397101840964778
0.0,0.28155861510486757,0.0,0.04938476644057003,0.0,0.01250325970396586,0.020735903218497827,0.0015553981209664354,0.0,0.0
0.10302408363179959,0.08897121262842526,0.0,0.008009989280793823,0.03997673648412839,0.0,0.01436630635121721,0.007988436372722877,0.00044220663573487094,0.10157871443377811
0.07002879938747536,0.0,0.002880178047033652,0.0,0.050040333920291245,0.0,0.0,0.0,0.0,0.008223711622278862
0.0,0.0,0.0,0.04469010473536755,0.0,0.1587121074582497,0.10005106774255876,0.03314333475395459,0.0012738137009578954,0.0
0.12348954642471471,0.0,0.0177351746403679,0.0025799160867409905,0.00010788978125957312,0.0,0.0,0.0021854637074157353,0.0,0.004076217054673326
0.0,0.05786162263447618,0.04885437161245139,0.12259564900898282,0.0,0.02080275739470217,0.0,0.0,0.0,0.0
0.002307940032452453,0.0317895393806807,0.0,0.07614544844280842,0.16542630952243229,0.0,0.002017188516848329,0.0,0.0016267371405476758,0.0
0.012979322144437373,0.21468821472742422,0.0,0.0,0.017354936029233766,0.0011935416492390187,0.0,0.044891952811106035,0.0,0.005031735619297062
0.01238953277702526,0.01837812431445772,0.0,0.06330565735485516,0.21136894456568397,0.0,0.0,0.0,0.0012973411374760336,0.0
0.034759284353134905,0.0,0.0031777572907509943,0.021913525912800158,0.11520332204468907,0.0,0.0,0.10008068607788395,0.0025515371987519984,0.0
0.05907690507631446,0.1059643742928239,0.0,0.013445143672163224,0.08972267824878838,0.0,0.0,0.0,0.0022677180585124745,0.0
0.0,0.15568994194423125,0.0,0.0,0.007781511014564114,0.1512390243019246,0.021906313004248966,0.013954651696203723,0.00047003743440517695,0.0
0.0,0.1301822740483368,0.0,0.008963946726956131,0.0,0.0,0.001311311894422966,0.04124893203891213,0.0,0.29953587135010445
0.0,0.2503656676373304,0.0,0.013914552008383076,0.011923926421165354,0.0,0.026325971258220292,0.03433147696213628,0.0,0.06738878470235453
0.0,0.1775555914548738,0.0,0.00011983133432780834,0.007302285889853912,0.0,0.0,0.030848728314433176,0.0,0.12555155431638496
0.005226415629615731,0.05375461207813016,0.0,0.05752378355429761,0.0,0.03766429130588462,0.1516400570886513,0.017625559852956125,0.0,0.0
0.0,0.027996993776920453,0.0,0.0,0.1989629498933118,0.0,0.0,0.08662473396766059,0.0,0.0
0.032985992113580526,0.16584162815307424,0.0,0.0,0.007859771950348203,0.0383004980004848,0.0,0.18322119064237755,0.0,0.03140741571214674
0.03851865424546283,0.013726983353273194,0.0,0.0,0.28571090409758326,0.0,0.007004250411177256,0.0,0.0009543432925160755,0.0
0.010084336355574779,0.04447804016206969,0.0,0.0,0.26144380602137507,0.0,0.01338633116626059,0.0,0.0,0.0
0.06567385361586349,0.18761685900047587,0.0,0.0,0.1165109018412022,0.0,0.00456979551422623,0.0,0.0,0.0
0.07375612683713975,0.14949878705717795,0.0,0.013124825595894377,0.07953925572735558,0.027568368923293368,0.0,0.0,0.0033186420247712047,0.0
0.06557848442612496,0.024633613603022235,0.0,0.012910937442032996,0.19012201106681054,0.0,4.5119699735349754e-05,0.0410348829675045,0.0024843600207204515,0.0
0.02703207716784423,0.08721131456712891,0.0,0.0,0.010883444850680199,0.21171128944704104,0.026312203208287047,0.008228563060586386,0.0,0.004440482377591873
0.0,0.06840113582447412,0.0865764339813873,0.0,0.0,0.0,0.20021132111658463,0.08776422182473968,0.0,0.006184008093916971
0.0,0.0,0.0,0.0,0.0,0.0,0.0,0.0,0.5764025502383432,0.0
0.014452643882153749,0.013149580698184215,0.08180724937743052,0.0,0.012611302098174144,0.0,0.07660346630697447,0.11573585871261943,0.0,0.004324553709926396
0.004451272674727776,0.05011244017998218,0.0,0.0,0.18354440154387913,0.0,0.0,0.0,0.0,0.01803149403814014
0.0,0.0,0.11616001841322149,0.040891429658751886,0.17475860473972618,0.02835111851278198,0.0,0.0,0.0,0.008930587785347197
0.0,0.19473746985180815,0.0,0.0,0.021571072080462838,0.0,0.1332924432977996,0.016674632275210176,0.0,0.0
0.03726330835571252,0.053547864754101546,0.0,0.0,0.16945804972383932,0.0,0.00852366941358727,0.0,0.0016790963945970277,0.0
0.03003187558743062,0.031996544496652325,0.0,0.0,0.16716177031697965,0.0,0.004139136975471164,0.03205640726226528,2.056385503147702e-05,0.008999407171422972
0.06316073080827803,0.0164445835134467,0.0,0.01360222080097769,0.08957819448815815,0.0,0.03365638727905027,0.0,0.0026369521015824336,0.0
0.10117425443072627,0.016558323593192145,0.0,0.0,0.030979200199108856,0.06647440295173689,0.03458767373598878,0.01571919406440316,0.0016354553313776361,0.0
0.03421984384927544,0.03852892282978943,0.0,0.0,0.061080140960858835,0.1603555384154079,0.004725000430805067,0.009258152008925734,0.00138301267681844,0.0
0.04075747721308325,0.05140552231159595,0.0,0.12436639036076651,0.01248517912013164,0.03546747887542964,0.07935997979900321,0.017622684631395557,0.00828615018419353,0.0
0.06215374255215345,0.050334876669705965,0.008407689251125795,0.0,0.009319395657964637,0.0026232743731321112,0.02449423225814873,0.09109023678542974,0.0,0.13788144837991725
0.028152222333306543,0.015111499218614233,0.010606125793762014,0.03921876173092116,0.013316105830396429,0.023173243607601816,0.10745622375064891,0.022924070858244473,0.0009423508368671085,0.07794860120010337
0.0,0.195584002447568,0.06483713265962286,0.0,0.0,0.0,0.013135788703652014,0.01664988155841804,0.0,0.0
0.034298503492215096,0.0,0.0,0.00742635416077986,0.0,0.22267709133428248,0.02338849828827013,0.025475347285532322,0.0,0.004864188815681686
0.0,0.029781177680407816,0.0,0.0,0.2539705991857474,0.0,0.0,0.0,0.0,0.0
0.08741585786576325,0.0,0.0,0.0,0.019255154833087863,0.0,0.016733230538630767,0.07447869294284232,0.0023188514211278477,0.004971282250587785
0.07061121436235165,0.030339458941440092,0.0,0.03382397915284678,0.0,0.056763899666658485,0.0475353992575014,0.019600547784273267,0.0,0.0
0.0062274202470640775,0.08895526038564198,0.11807326548203159,0.025563841224848716,0.016882389378882933,0.0,0.0,0.05223667996906546,0.0013914089230657046,0.0
0.06094615249720309,0.08640172102868227,0.0033326370308833946,0.01831317726069906,0.005595144935097098,0.06304160340811123,0.026141697934195383,0.13007925949409566,0.0009399599069915291,0.0
0.0,0.031423764446354314,0.0,0.0,0.07201655907782639,0.07628018784750323,0.03503666578957091,0.09727638071980191,0.0011064177115912936,0.0
0.018293387402764313,0.05649294484599916,0.009188033544504278,0.16920457405663852,0.0,0.0223834341364629,0.06875509023364437,0.0,0.002103704825682336,0.029140848845070406
0.0,0.17110921923994926,0.1137047727972771,0.0,0.0,0.0,0.048644631910171314,0.06879376913774522,0.0,4.3137027712721526e-05
0.0,0.0035861801004045007,0.0,0.01086155096643541,0.0,0.23412434068037058,0.0,0.003719745412479251,0.0,0.0
0.07804468702453556,0.0020135101726872604,0.0,0.12580153779857134,0.054708325032873935,0.016551087733028835,0.014770575701918016,0.012626370171025891,0.0031374237535758305,0.017647167170085357
0.07516275041285668,0.0,0.0,0.0,0.06295042581632453,0.18072770734897278,0.03217772205509384,0.0,0.0022466898901988505,0.0
0.0,0.19957566507119925,0.16988655598411434,0.0,0.0,0.0,0.08946962421243546,0.0,0.00040991007671534424,0.0
0.0,0.12630046799990408,0.030536651025794802,0.0,0.0,0.0032103859178954103,0.21675234302897473,0.09377261425143675,0.0,0.0
0.020035699643707727,0.002951626746435013,0.0,0.1437638873642542,0.01682402879442171,0.003180293604866478,0.19044557852842792,0.0,0.0011321427668962334,0.01454800358574806
0.06922500329496852,0.019340160624286507,0.031171286265138643,0.025830250768524056,0.17051931712741944,0.034479201690876364,0.0,0.05403691628484378,0.0,0.0
0.0,0.0005242121492620949,0.05879697782725721,0.042735462708530826,0.18412909265018776,0.03681855929865298,0.02154945932842577,0.020906389743227338,0.0017207998579973369,0.0
0.0306283352464883,0.028655197505306353,0.0,0.1409029346321766,0.012695116237515246,0.015422371171680828,0.0,0.0,0.0008985452258173398,0.0
0.02574988669665935,0.08114543461315939,0.0,0.008442261448017928,0.02947366278100878,0.0621166531466196,0.20425642263731134,0.037576894206167104,0.0,0.0
0.06259082982510049,0.12493284521087557,0.0009980697322532106,0.0,0.07548946232263098,0.0030950657839064304,0.10067429329406873,0.0,0.00038534888544653633,0.0370929851089617
0.007863003409380485,0.16634827430645474,0.16344359042146292,0.0,0.012802159976180005,0.044054825377415514,0.054104357280847046,0.06241663433059628,0.0,0.03378259546298688
0.007102125648734801,0.02736703973002835,0.27251942956309755,0.0,0.0,0.02964885527838759,0.03626492403654479,0.0,0.0019637027364839544,0.005734525902179296
0.025349371261575365,0.10319195010060982,0.011884661648567713,0.07198458759776008,0.002536818126686525,0.05260611903348476,0.0,0.044114442708415406,0.0016647869898973832,0.050064254036171485
0.061583307158894506,0.22538826809956208,0.07676628144937182,0.0,0.0,0.0330371025966682,0.0,0.0,0.0012460938494459008,0.002935241409922397
0.05810633232598817,0.015225138843732148,0.11031289892907321,0.0,0.023699999996242446,0.1516735239563379,0.07787852015431725,0.006815304418288283,0.0,0.0
0.0,0.11255007951685794,0.0,0.0,0.2220232835699425,0.0,0.014471562013477457,0.0,0.004390675699938298,0.0
0.041509067133555795,0.005088970429419661,0.0,0.04296724737050995,0.004870882428020763,0.04544068006327944,0.009051133816354265,0.020878900900829087,0.0020234098187123816,0.10280115365755234
0.0,0.006034855833252399,0.06673998154695722,0.0,0.02603753469219692,0.0,0.4042514750410715,0.024350526192842236,0.0,0.0
0.010107914549191431,0.07828467608221848,0.007846009687997878,0.00029478672927793406,0.06707685461885916,0.11153380263889039,0.19030794978802174,0.022984722275838546,0.0007316051207272012,0.014734232328228743
0.12489477714285932,0.005619153141229411,0.0,0.025633685793581648,0.06921488044875117,0.01526206659455017,0.026280277682612825,0.013015877553478463,0.0,0.0
0.0353533433587883,0.14310975099688986,0.12517441400242682,0.0,0.0,0.0,0.0,0.04751138865892298,0.0005343302176696587,0.0
0.013171975296368554,0.0007804618323311067,0.014919449520909669,0.0,0.25151575824384304,0.02737344329683571,0.03561276247686893,0.06517963407268988,0.0003550683718676719,0.004432663669781654
0.0,0.021525937063164257,0.03936953502488809,0.008894162821829834,0.1802455188571625,0.004762068229735558,0.012895077687984252,0.0824070751270011,0.0,0.0
0.06279961699911563,0.02649843536533589,0.0,0.0,0.07652071414373153,0.07190179535580889,0.08565920361014054,0.1051933303337934,0.0,0.0
0.04438556543043413,0.05689456337012835,0.2573294776760568,0.0,0.0057678358464552815,0.01335662466913279,0.0,0.0,9.237496309603773e-05,0.0
0.0,0.06135193735475548,0.27212894264653387,0.02098974231528663,0.05533806868753907,0.005451235910735254,0.0,0.0020952077963834006,0.001151565980180782,0.0
0.0,0.03471246418129825,0.20987365242076578,0.0,0.0,0.005168029735095166,0.08356194019018374,0.006965035766378699,0.0,0.0
0.0,0.20589546182669802,0.143674228421,0.005291717465519273,0.0,0.0,0.0,0.023071733943160887,0.0,0.0
0.002062061763327301,0.09435540689301426,0.0,0.0,0.2199063192145356,0.021799603589990457,0.0,0.05438616969237527,0.0,0.0
0.005409335369110296,0.0,0.0,0.0057123683243546905,0.019938933089218205,0.0,0.17966996633416632,0.0,0.0,0.0
8.610653502188196e-06,0.023540462792185794,0.0061665950909705535,0.003654297665236363,0.19581927981981373,0.006148663261497766,0.008950481966819482,0.08486493785322644,0.00043751115134935077,0.0
0.08186643324544614,0.2662752578169136,0.037808593691145594,0.0,0.0,0.0,0.0,0.0024571554406210287,0.0,0.024942717016750857
0.07165190728526749,0.16832835155156786,0.10274705403907096,0.0,0.0,0.0,0.0,0.022614413250592637,0.0,0.0
0.026736187047348176,0.0,0.0,0.08160208116681372,0.007510304412628706,0.0,0.25141799861038205,0.0,0.0006294079367856029,0.0396280078428944
0.0,0.004388210959266796,0.2919757022121703,0.0,0.0,0.0,0.07148623451138791,0.0,0.0008810399633248642,0.0
0.0,0.0,0.23083048650821344,0.07928693894987099,0.010105342459783551,0.0,0.025095432823262542,0.0,0.0,0.0
0.07492843204530224,0.0,0.0,0.03922463351808618,0.0,0.043041081951717505,0.24891412288806763,0.0,0.0,0.0393368297653947
0.09029173327710935,0.0,0.12391639049395754,0.018886807743287083,0.016771962433118497,0.0,0.0,0.0061602046084754366,1.763088121584723e-05,0.023059178787512256
0.0917920995245938,0.0,0.0,0.0017108343816322228,0.0,0.03429322411846325,0.052931314499130105,0.0,0.0,0.01584991102331638
0.0,0.022867329400554432,0.24294525999427802,0.0,0.0,0.0,0.10483361372837956,0.0,0.0,0.0
0.07882528805093733,0.05307096939434089,0.09951384534596172,0.0,0.005784708734725784,0.029663550922810925,0.0,0.0026739877265618615,0.0018358914941880044,0.0
0.035151082177736034,0.10227407721951781,0.09386170670164488,0.0,0.0,0.02681335240554119,0.0,0.0,0.0,0.0936192587983821
0.03819083262518412,0.1764326931659759,0.0969956945317507,0.006862245312997442,0.028339492372924012,0.012735280818721275,0.0006023134683161475,0.04296735733095801,0.0,0.04729616521389016
0.03346554795486308,0.02047403998214419,0.0,0.0,0.05059361346226913,0.02118648318508782,0.0,0.12927160237730861,0.0,0.10300854503482405
0.13798161359802222,0.01072396638062395,0.0,0.0,0.0,0.0,0.030206934169127314,0.0,0.0022055593765461508,0.04173712593600183
0.015144189381302695,0.002192862052856982,0.021792152436504397,0.009877696421221136,0.0,0.0331259756964848,0.25480484639651635,0.0,0.0,0.025581565093320796
0.05829936315221842,0.005296902715135652,0.09086565240841772,0.0,0.0,0.039946641847466796,0.0,0.02030389781674473,0.0,0.01542131489753418
0.0,0.30546085759733593,0.0,0.021697772285452485,0.0,0.0,0.0,0.0,0.0,0.0
0.024258559098667348,0.018480761317285987,0.005372698098653974,0.01462718297116525,0.0325374997527395,0.11116536540570561,0.0,0.0,0.0,0.022234918120107968
0.0,0.025698843501344586,0.19837958046430298,0.006048026130581433,0.03977087720157927,0.0,0.048891575885625455,0.004222036194273856,0.00010302275971997133,0.0
0.0,0.23455988315105025,0.09481053260084835,0.00506983770959182,0.0,0.0,0.016993852514206726,0.030038351060327158,0.0,0.0
0.0,0.19800855732298403,0.055681677102462315,0.0,0.0,0.003000123967459631,0.0,0.02668034742759629,0.0,0.0
0.012032647948204592,0.06285919117133584,0.2620356350087209,0.038939162538789866,0.0,0.023168766407739117,0.015345699282573061,0.04570516253873206,0.0005341013734074495,0.0
0.08843264563900945,0.1555142302500217,0.07962800840005024,0.0,0.0,0.0,0.0,0.0,0.0015790702600569258,0.034648018731369204
0.034628475903290414,0.026712546509536354,0.23657545513348535,0.028369749231864666,0.0,0.0,0.0,0.016325774901576197,0.0,0.05152523543683529
0.0,0.2876250882356237,0.048891754117218966,0.02985894963456938,0.022836903602443982,0.0,0.0,0.0,0.0,0.03253515749336561
0.06300056390551581,0.06254037534090269,0.18925193361791845,0.0,0.0,0.036663153038975965,0.0,0.01197190002237649,0.0,0.0
0.03187649465842125,0.0542211031033324,0.0632183173470038,0.0,0.0,0.0018071615628065824,0.0,0.015177422571613041,0.001992870585004574,0.014165568616702961
0.0,0.0,0.02853490714406788,0.0,0.10775700374328814,0.051425953476160094,0.0,0.04371993018400235,0.0,0.059615716778971616
0.014134712403551809,0.06423874712261118,0.21577807266511115,0.0018693240382458927,0.0,0.0,0.004316490192869701,0.003895973466130994,0.0004437898826563555,0.034449493725219896
0.050719997010477434,0.07086177440475797,0.17650621414121387,0.0,0.0,0.0,0.0,0.0029552782994406064,7.620564083512037e-05,0.014681720300193506
0.014434053936165913,0.2701311611057204,0.054607915831992225,0.04176185152962358,0.011367498724525247,0.0,0.0,0.009002364574166607,0.003050490497406927,0.02311536557341928
0.0,0.047647517105375604,0.0,0.010567924009294221,0.050670311262571016,0.08267468556951262,0.0,0.0454653107389303,0.0,0.0
0.04186077361060296,0.08645085617237495,0.1592833886396417,0.0,0.0,0.0012086792556727061,0.003364538372316034,0.08874684360368047,0.0,0.0
0.039421153700109325,0.12214542750778991,0.10154644305607526,0.0,0.01747175286340519,0.0,0.050754732943148174,0.037033464069944,0.0,0.05865636959928244
0.02557227298477334,0.0,0.14947149808082213,0.0,0.0,0.0514214129635417,0.0,0.0,0.0,0.018879377502128224
0.03555508950078691,0.0014975793654310792,0.0054154552937434475,0.014134642847665342,0.016410302360127294,0.07834470033605367,0.012882275545388967,0.0,0.0025540333359185294,0.03559590767426425
0.04162034109475151,0.0,0.029032240225584694,0.0628715275112288,0.0,0.0,0.0,0.06027691706311849,0.0,0.1605964707465692
0.029627751086282517,0.00043539042909008553,0.05960864272972287,0.0,0.08186130902301708,0.05393735841708626,0.008769279107116617,0.029551614313819217,0.0,0.11307765757894044
0.0,0.012162358944641787,0.023917266709465156,0.0,0.023350164740563385,0.0056935712524577966,0.0,0.0,0.0008411357435646251,0.2778676400571073
0.0,0.04852915767580447,0.06587117368476934,0.0,0.0,0.1289885077962878,0.1568488784492563,0.08950105453683611,0.0,0.0
0.0,0.0,0.0,0.0,0.0279964522098065,0.026068362755210496,0.0008095607888655452,0.2949338112269976,0.0,0.0
0.0,0.053427539278398724,0.032523051969811624,0.0,0.21856889851836564,0.0,0.027167552694288718,0.0,0.0,0.0
0.0,0.019636809876400527,0.0,0.0,0.09937094377049525,0.1788181070332026,0.015217006218330262,0.0652453275254161,0.0,0.0
0.019184210010387153,0.004526036705246615,0.00394808885431906,0.0,0.04265791392720302,0.022377391537766356,0.17126322291491805,0.025448221137672856,0.0,0.011272626206980796
0.0,0.17923422769108205,0.008286621321403415,0.0,0.0,0.04882518645964865,0.11025551834044302,0.014484542752067018,0.0,0.004879621963026008
0.0668919249182537,0.005403442380462248,0.007894333620601037,0.0,0.24528827697967598,0.0,0.0,0.0,0.0,0.0051087198807344926
0.09213082381249642,0.09672039134352689,0.027762561549173025,0.0,0.014592484314348802,0.01779537413608797,0.0053953810702116346,0.09776752668741068,0.0,0.0014114493727240358
0.0,0.06650846028272793,0.09101939590116583,0.0,0.0,0.0,0.2740332548341367,0.11904499082096129,0.0,0.0
0.023785355550445,0.25340361626787794,0.05133301248233098,0.015219892850096874,0.00748567216517638,0.0,0.0,0.0030622237329550523,8.883624551788166e-05,0.0
0.05761329537959312,0.20805402736839615,0.004970241154953695,0.011020128468546752,0.0026846397758551292,0.0,0.005765947637682054,0.008772354357270029,0.001571453726269457,0.0
0.07637079887955749,0.005371104417100416,0.0,0.0,0.07654465078347834,0.0,0.0142061440557116,0.0,0.002146723290573748,0.06657205463421012
0.036910475968736346,0.008766751589521409,0.09296458376687355,0.11585713959827124,0.04062201470471171,0.0,0.0,0.01219995905860149,0.0,0.0
0.0177272783687594,0.045041127278312686,0.0,0.0,0.007036226831771965,0.027666805303218016,0.0,0.11939538063266121,0.01647228906569798,0.029838955073914958
0.04256550736398355,0.0,0.009789843611257235,0.0,0.019543307653650706,0.0,0.007639309937106755,0.0,0.0,0.179590513774151
0.035750508320682786,0.0310373385074875,0.24742597157772986,0.006244968082215508,0.0,0.0,0.0010753293142309508,0.01793600561922644,0.0,0.020530323317352467
0.034868936026739274,0.015915745897818884,0.0,0.05197146848996227,0.0,0.007226176215803282,0.028839395719162983,0.016907584375024442,0.0,0.1551014671007934
0.027884695564387534,0.1835917822410369,0.0,0.0,0.10610042052812328,0.0,0.0,0.0,0.0,0.022898639211112785
0.0,0.10031642463713374,0.0,0.01946118259964781,0.003467266398083222,0.0012656315631423317,0.03783127557569222,0.018369028477580082,0.0,0.27710896124848916
0.04463202407624986,0.004282211921838106,0.0,0.0,0.1606396245193499,0.04394598339604033,0.005116492907578594,0.09694310560647948,0.0,0.0370584220623261
0.06827171385345124,0.0,0.0,0.13684420392247446,0.00758774911157623,0.0,0.012294714231132936,0.033801252998911985,0.0,0.0
0.0456543992389623,0.129650264530138,0.0,0.0,0.0,0.014395925779349835,0.0295052645863242,0.13881879476268796,0.009827795157171438,0.044323913834256316
0.004455486698123458,0.0,0.0,0.014444689341397815,0.0,0.0,0.02979900680394929,0.2928457677456984,0.0,0.030595492721966145
0.03832408289643234,0.08312004550415582,0.013510396228149545,0.0,0.08365479154438284,0.041465198809219256,0.0,0.11459002087274685,0.0026700745222491395,0.0
0.0,0.04321781659815711,0.0,0.0,0.0,0.0,0.0793386286182902,0.1394689550035984,0.0,0.08783656451322074
0.0,0.06137087864351219,0.06768044761246203,0.0,0.01170448658822264,0.006703381692366781,0.027728499092140445,0.0,0.0,0.15388461982877638
0.0,0.047493150718452753,0.0,0.0,0.05151649033510384,0.0,0.03166999514993527,0.04240854898048954,0.0012708631043739358,0.1426543446997845
0.03940190003024413,0.0,0.007558276114660108,0.0,0.006323005516782654,0.0,0.015991090388116275,0.0,0.0,0.11983073619161398
0.0,0.15917499709852978,0.15059692146810974,0.01604927162158324,0.017794936629314265,0.06167395289785249,0.0,0.0,0.0,0.0
0.0,0.15998433094083206,0.05986254522995328,0.06472090904009911,0.11942074361618499,0.05681382245627354,0.001505333602858229,0.0,0.0,0.0
0.02408090604044123,0.0018870765660897852,0.051218806209688175,0.14404246558946712,0.09816330174775312,0.0,0.0,0.04622707323464212,0.00029801011795978243,0.0
0.039395324316289025,0.02668452410903548,0.1442609253615934,0.0,0.0,0.0,0.016571901199814096,0.0,0.0,0.04926363064777117
0.13887601838894523,0.0,0.0,0.06616145746273569,0.001860713555757543,0.0,0.0,0.02893710823709999,0.0,0.038816303677831926
0.0,0.040916488647860516,0.15148355238194908,0.03015253846138374,0.0,0.0,0.10777915299210979,0.10033155935516107,0.00029324666830532237,0.011671773232704685
0.06478353853481696,0.0025871729968467215,0.0,0.13524399609379104,0.0,0.0,0.010119553950123645,0.0,0.0,0.07364521055744694
0.14691703288354444,0.0,0.0,0.04702269884866054,0.0028566421714475766,0.0,0.0004100459482838561,0.011065135158206117,0.004008853143891215,0.034946188580035856
0.010500095890513698,0.16469986933638162,0.022211700678375763,0.0010625372713212733,0.00277498957780127,0.16325573903451174,0.08967970846945228,0.02901985813315144,0.0,0.02953338781403687
0.06120621978782886,0.004738283106025266,0.12370682987066155,0.0,0.0,0.021711206855304494,0.009963627906972907,0.07448804339464367,0.0,0.04262887069650467
0.13401853477899245,0.0,0.0,0.044860172127686476,0.0,0.0,0.0,0.0,0.0,0.057491450553695145
0.07768582837417744,0.0,0.0,0.10822914494485304,0.0,0.0,0.0,0.0,0.0,0.05606584128850266
0.0,0.0,0.0,0.0,0.0,0.0,0.0,0.0,0.5851966700083004,0.0
0.06818154237994788,0.02585319234337732,0.0,0.08744991560396456,0.0,0.007190999703166401,0.0,0.0,0.0013273131716460506,0.11596905991638638
0.050402586073161657,0.0,0.0,0.026935618715079147,0.0,0.0,0.0,0.0,0.0,0.24471849457360215
0.0831927244912306,0.0,0.020055390536735062,0.003650473568478109,0.0162290217252776,0.07424516190976457,0.0006883320707333434,0.08977625797461396,0.0,0.009294318018633922
0.03665019978551312,0.13894648508504748,0.0,0.022562249966168117,0.01692409104677351,0.1033435675779837,0.0,0.0,0.0,0.012735711929177823
0.058118811470937934,0.10903585914581214,0.0,0.0,0.02631651373330234,0.04141469371875414,0.0,0.0,0.0,0.0
0.0,0.11696866090906877,0.036940012952873774,0.11550288367578374,0.0337072498876747,0.17125328882583687,0.0,0.0,0.0,0.0009479457718898849
0.09449690943534259,0.0,0.0,0.08036043755157628,0.0,0.0,0.0022625384245879275,0.03192755328826302,0.0009518428864959418,0.04528605992532886
0.04224677179680276,0.04424271527119881,0.020001944624433835,0.05246328070148199,0.029303326853537374,0.01738256133361163,0.006337919435137333,0.0,0.0037419923550008815,0.25871290144930675
0.0,0.0,0.03182568342957779,0.16314999618539897,0.0,0.0,0.07957266665483169,0.0,0.0,0.1589211215957749
0.049081571966920805,0.0,0.02583547852844375,0.04118622499420492,0.025947280145902644,0.10651473406338312,0.05388503252828214,0.0,0.00029757563383484226,0.12636281848145947
0.023569473761904557,0.0030864344574200097,0.10564847256096539,0.04828197150361642,0.03418234517237712,0.028359667853689954,0.00728797564757796,0.09466630117834347,0.0,0.005289919178731445
0.03862280315824074,0.0,0.0,0.0,0.038175686851440384,0.02057777818562902,0.2840209619576184,0.0,0.0,0.0
0.0,0.03994968684653067,0.20059067298399488,0.0,0.0,0.0,0.043630739524669115,0.009054941361692048,0.0,0.0
0.06604961942039002,0.04231128938604487,0.15204762586857443,0.0,0.0,0.0024385144977817712,0.02926577565448064,0.06901386441413533,0.0,0.0
0.014308031737364654,0.024536963491011483,0.0,0.01536987017969439,0.002015677654487878,0.10567040372602844,0.1298910935966434,0.09824716788247954,0.0017935265990433385,0.0
0.021034790305084275,0.11909406638852875,0.07244214368599484,3.807389613820705e-05,0.0,0.024319230479529576,0.0,0.11729820188522727,0.00012838296403223546,0.027705597685332446
0.0,0.10915595123999673,0.1962793804532424,0.036374392774055325,0.02026958347880938,0.0,0.05273920818428772,0.022736046238955553,0.0007487795842859433,0.005616578636638177
0.0,0.009711448518827956,0.27826828666925696,0.041593895550844764,0.011427102231885155,0.0,0.010862353799412054,0.0,0.0,0.02949203689284306
0.08682924072404886,0.028834768653032125,0.0557086046176892,0.0,0.015892858218129552,0.07491347524059445,0.0,0.016961596257976788,0.0,0.0
0.017717360657404917,0.0,0.20365585221647603,0.031031835552898714,0.005332569961304156,0.014694194206569908,0.05702692464224019,0.0,0.0,0.0
0.024030978045903213,0.0,0.2124600457957816,0.023853987806820992,0.009104037166324408,0.020717594376823457,0.0,0.0,0.0,0.0711318146178311
0.08402856604690724,0.045814821351376024,0.10191248601722765,0.0,0.0,0.17059675868353247,0.0,0.0,0.0010377502505514984,0.0
0.011570246531286717,0.059324509622153,0.014836106283488814,0.0,0.0,0.06340213511622149,0.009271268079439577,0.011629976381027422,0.0,0.0
0.03781966484348656,0.06514277468890563,0.03285975265544439,0.005510812432816405,0.0,0.15896419747276846,0.07878343540944517,0.0,0.004841384608556438,0.0
0.015643933948665263,0.04078091562909134,0.18673866890734026,0.045219324456626395,0.027030884694114358,0.0,0.0,0.0,0.0,0.0
0.08787918137385627,0.011611423900596031,0.0834204837007244,0.0,0.004962114197658922,0.007553539509141739,0.0,0.06830913428567349,0.0,0.0
0.0030194096301868895,0.0,0.20196325030690926,0.0014363065349041152,0.021647959298235944,0.0,0.016985695232044573,0.0,0.0,0.0
0.023081759092339012,0.0,0.2414808968652619,0.022140345860847274,0.0,0.0,0.05135489681862945,0.0,0.0,0.0
0.13250281398485772,0.030237637864215794,0.02017297200634509,0.0,0.0,0.00303669483620495,0.0,0.021625164422874644,0.00216312481417991,0.0
0.03669456968593568,0.0,0.18738439622265976,0.008904805315426603,0.0,0.013833424190713768,0.002825270751285339,0.0,0.0,0.04465358093195282
0.027365805826159058,0.0,0.2149938998941123,0.0,0.0,0.0,0.0,0.0,0.0,0.021128990801891852
0.03518478665172717,0.0,0.13731760330393208,0.017601996396561178,0.0,0.0,0.0,0.0,0.0,0.05591202449488608
0.00445107788850654,0.1245779553708961,0.0,0.0,0.023417816143567843,0.05137175754982814,0.0,0.05747590303799532,0.0,0.04719946565115801
0.0,0.11680095695027963,0.0,0.0,0.015498306936649463,0.24685208177017717,0.04470856416249301,0.030802696809597362,0.0,0.0
0.00351519096777331,0.06149149136677108,0.0,0.0,0.13781311910989388,0.0,0.009364586890106648,0.04589919574936177,0.0,0.05162094390669245
0.036395910481606744,0.004596531364803039,0.0,0.1461704663699051,0.0,0.0,0.0,0.0018957923877818922,0.0,0.09183851369348733
0.12057677525566218,0.0,0.08488531126833683,0.0,0.032004911571489505,0.0775560155463333,0.0,0.0,0.0,0.0
0.10633280672259421,0.013325091667886662,0.0,0.059766409696975054,0.02467734595599151,0.03248631624726378,0.005293735492570539,0.01896956613794851,0.0,0.0010326038722017158
0.0,0.0,0.0013195791528590154,0.002663808225214306,0.11274130862775657,0.12819948967354916,0.0,0.0,0.0,0.09766536402168527
0.014203088914532848,0.0027064658074557706,0.009905823200574359,0.05182109611220306,0.05243225627762978,0.0753227818654062,0.00714803424762835,0.0,0.004232334250313482,0.07060779250707722
0.02824187709506463,0.0,0.0,0.29351009880912904,0.0,0.0,0.0,0.0,0.0008496698757861593,0.028189498012380132
0.03148130761967933,0.0,0.08542194654311096,0.011137978127479641,0.05354751893314644,0.07230592821433655,0.0,0.0005669604776662004,0.0,0.0
0.02919563351899361,0.017895021236342575,0.027252276257455202,0.01830800516345583,0.13534386337199292,0.0,0.00357487048551353,0.00668995708360778,0.00138274287414337,0.0
0.031666800023510175,0.03882600218493645,0.0,0.004300349698165137,0.009244032602444427,0.2627884002794276,0.04503953112756294,0.0,0.0,0.0
0.0,0.0012160821576087102,0.0019196003952973032,0.018147200884688075,0.2270870827526788,0.017726960195050812,0.0,0.0,0.0003394326308777129,0.02060114537543552
0.16949179752527693,0.0047457157813337114,0.0,0.012878410251455615,0.0014974376076488224,0.0,0.0,0.006420995001046768,0.0,0.008051694837184837
0.024304653963127844,0.014141507640343515,0.011845202613972698,0.05628232230670926,0.1289610693981725,0.08690846113312208,0.0,0.0,0.0,0.06499742146691757
0.006760041617015422,0.0,0.03799977390806911,0.12210268578815307,0.042848678276099124,0.0005819171478292975,0.007129863514839322,0.02469872055430783,0.0020812072428525795,0.051790016549199264
0.056769097573942544,0.0008724389770786226,0.009598076710896368,0.015636268884068084,0.0,0.005537094998076904,0.11811871752402507,0.019423437316251457,0.0,0.023768691109338203
0.025121262928060474,0.11132504034927652,0.0,0.05981988576458664,0.08207118248248814,0.07097720595820373,0.005750367739051118,0.0,0.0,0.0
0.0,0.0,0.0,0.017262223833927233,0.0,0.3378933814270916,0.011101991423785429,0.0,0.0,0.0025023042748364244
0.07688749790994509,0.02259012821778703,0.0,0.04201429926797608,0.14544639119002434,0.0,0.0014362411492359825,0.004743204619152136,0.0,0.0
0.026048030745177007,0.025549450703519588,0.04825399821151236,0.021048248106112596,0.11161337044463114,0.07020624431106551,0.02485542438988887,0.01662339429718061,0.0003801026752990923,0.015342304455668424
0.024719408583884224,0.0,0.0,0.17471284455207758,0.0,0.0,0.0,0.0,0.0,0.10868799733421458
0.01399428460092995,0.04773709541961617,0.22790388890759958,0.0,0.059343856961642946,0.08737386778016208,0.008418976437482056,0.0,0.0,0.02129455024160752
0.061427679816799426,0.020934035401576054,0.1962335971393768,0.0,0.031831872000996554,0.0,0.0,0.0,0.0018187827745089296,0.0
0.06553944147963177,0.06399808729412822,0.0582924304801692,0.0,0.023129272974108498,0.012049656195129453,0.008651159727649418,0.102574952179654,0.0002058533740560785,0.0
0.04431017309149001,0.0,0.21591021825186385,0.0,0.0,0.017322991014173148,0.0,0.0,0.0004167134270364294,0.019026919070963634
0.01621187310789096,0.0,0.0,0.0,0.0,0.0,0.30288520813067565,0.06248232521797541,0.0,0.0991909452654286
0.0,0.0,0.21701622824428413,0.0,0.0,0.0,0.020089978604440697,0.0,0.0,0.0
0.05145648373174511,0.0030961430616485235,0.1429894556501235,0.0,0.0,0.02432722362236034,0.0,0.0045679415780075965,0.0,0.0
0.032238573848295884,0.0,0.22956438649345878,0.0,0.0,0.0,0.023563545980501,0.0,0.0,0.0030594083633037517
0.020874723815734398,0.0,0.16014361060544738,0.05880132697126253,0.007558306433334395,0.0013135502737745902,0.0,0.0,0.0001776063262366791,0.04381517053390751
0.04242025440175373,0.0,0.19158227963908134,0.0007696439696175007,0.0,0.0,0.022374670243494623,0.008334452464972955,0.0,0.01775636788574966
0.0876366996310445,0.09046322399180999,0.0,0.0,0.10388075597103368,0.027895123316281287,0.013020958559281532,0.07968861414889519,0.0,0.0249799220199475
0.11265841105130114,0.07524388784777453,0.027587476183685074,0.029769955349313384,0.03570468986007736,0.158026331889545,0.0,0.0,0.004809177883532636,0.0
0.021341200040220512,0.0,0.14943494550251546,0.0311562930491401,0.07492769321906037,0.042802034133298465,0.007715735872970152,0.0,0.0,0.050387994656507076
0.0,0.21548125587671021,0.0006818231722803844,0.02042994748849576,0.008623858847479631,0.00014621396490782255,0.00848330797268563,0.049012656449966975,0.0,0.02485118249155071
0.020439990472742902,0.20509683036204082,0.0,0.003902971214643623,6.5911320736675146e-06,0.08877580742263604,0.0,0.07182276927901922,0.0007064202488089122,0.0
0.0,0.1313382156066711,0.0,0.0,0.0,0.0,0.0,0.021641377263876993,0.0,0.2248380428159019
0.01897048813608264,0.0,0.11822122117763782,0.07218587548228766,0.07489905573650182,0.01596663885295661,0.0,0.0,0.0,0.07022187384500758
0.0,0.0,0.0,0.0017650798277437088,0.0,0.0,0.0,0.0,0.5743168446289968,0.0
0.0,0.059835022053147766,0.023598185297968338,0.0,0.03915865000232018,0.32222930054995197,0.0,0.0,0.0,0.0
0.10363713870224438,0.031162781263451903,0.0,0.04121682555672578,0.027852897297802333,0.1702228394602998,0.008367178413314903,0.023797637070493746,0.00017462260237529134,0.0
0.01022483906071618,0.010084019362387224,0.033103524239368264,0.21458818739646252,0.10252048281083827,0.02634519679724899,0.004728800952875214,0.031831561598887975,0.0007252727136197434,0.0
0.0,0.0,0.02309386111832882,0.15988877287927641,0.061448761538805984,0.013401495709256424,0.0,0.02103089181653411,0.0,0.10020631858579475
0.0,0.007899191786058354,0.02730699362414961,0.2900255771105721,0.020752440270484084,0.006766910991021583,0.0,0.006608389220572045,0.0,0.044801778155730644
0.008171570867032815,0.0197913730492904,0.08367538413128489,0.01798433717856099,0.030281195567239867,0.0,0.3174135141626222,0.034834801791786475,0.0,0.011441644298795966
0.0,0.19637392833368364,0.0,0.0,0.02535645532073938,0.0,0.0,0.09468699816534318,0.0,0.0650751168121028
0.008448604104246978,0.00010306432224244371,0.0,0.34288777445112867,0.004752163540840599,0.0037799986526796236,0.009935273876907565,0.02800624879927867,0.0,0.0023497162933351695
0.13033499808959567,0.02425431973795551,0.05595438287988284,0.0,0.02233654337313655,0.04895095091158395,0.0,0.025309837552685358,0.0002427401037937379,0.06966710021029675
0.0,0.0,0.003268209151945304,0.301875324324513,0.05611842645815642,0.0,0.0,0.01153500014117222,0.0,0.004348948327511067
0.0,0.0,0.018296962465186774,0.21819682542969177,0.04603813800794163,0.011093614426844076,0.025238793306935334,0.046917698272590826,0.0,0.06463415066982939
0.048356452471556496,0.0190345508833661,0.014045944721926993,0.07217832794400697,0.05125464249486228,0.011221975047366092,0.0,0.05895036168098535,0.002354710456582582,0.0
0.0,0.0,0.05449548244391591,0.03730825194993777,0.20007758414555885,0.021332344491796437,0.0,0.0,0.0,0.03467293693224839
0.0,0.0,0.036037326617915866,0.07446121235052562,0.19160532250292842,0.018773461989321713,0.0,0.0,0.0,0.032206001712425054
0.11562746022211941,0.009239868424650436,0.006898979904879229,0.001394107129423477,0.010390752087344045,0.0,0.0,0.02288260703853836,0.00347935703487068,0.020016396242434238
0.04372871290727778,0.05492217710683465,0.020328584181460753,0.09626956936051079,0.018205347700447454,0.03432804869774977,0.08080696416833807,0.029585501891520698,0.0,0.0
0.01830370075920536,0.0,0.0,0.23647765688587413,0.011248565761383517,0.0,0.0,0.01434282221780444,0.0,0.015634389261339494
0.02690906213551959,0.0,0.0,0.07783059682264777,0.03406667402947796,0.206631875774804,0.006771394642037642,0.0,0.0,0.0
0.04247342176492291,0.0,0.10604466810470871,0.009117032866011086,0.002819912850717616,0.052882737234069256,0.0,0.0,0.0,0.06120805533859499
0.0,0.048172115255580364,0.0,0.0,0.09196109639918462,0.0013695435218979094,0.060289437077429654,0.07231431581459583,0.0,0.18546203950340837
0.0037560857257677755,0.0017822797272755045,0.023117611238414285,0.0,0.08558737825173333,0.000617515928374362,0.0,0.01515741048498205,0.013714193780470792,0.14994380011517297
0.0,0.04411332523605848,0.008956213902445378,0.0,0.0,0.003219766501191979,0.3067577274270248,0.007575834107079706,0.0,0.0
0.0,0.008544423587439447,0.059242770009543214,0.0,0.0,0.0071528597947176815,0.4258593797235151,0.0,0.0,0.0
0.0006559064086756858,0.014506645366191557,0.001308433130687313,0.0,0.011148167344422994,0.0,0.42798395385250426,0.0,0.001105885902647208,0.01980158132761971
0.024346610410773784,0.012070403146147969,0.008850441203176447,0.0,0.08356039837631288,0.0,0.021556375871743985,0.052495622721304716,0.0,0.19824417775298706
0.0093008859366724,0.0,0.0,0.0,0.05207071818681105,0.046003038831318926,0.10881049058094817,0.026561630777737762,0.0020314108935697056,0.22739899568569483
0.07527933028690165,0.0,0.003891261924290247,0.0,0.017278431360665265,0.01619375901135005,0.02076822932139235,0.06036759499092308,0.0,0.18354902085220992
0.0019417526435351298,0.0,0.006995329533328042,0.005187536273037668,0.013921728827755156,0.06702932002761265,0.12606454856736454,0.03562581230545072,0.0,0.0
0.0011161801220432987,0.0,0.10485367992116057,0.02073806119618514,0.0025555583513143703,0.015677718088065448,0.0,0.0,0.0030283812402021218,0.04186069294590084
0.04451815960678198,0.0,0.03080624349020318,0.12909294875659683,0.14775890519491958,0.0,0.005290310244045847,0.03695237787398187,0.0,0.0
0.022740579662497193,0.0,0.13502946724221404,0.0,0.0,0.0,0.0,0.05881584907666536,0.00029799677815647575,0.0797917953251283
0.0,0.0,0.053638347779871434,0.0,0.0,0.0,0.0,0.0,0.0,0.3144202649821746
0.022703088751641027,0.0,0.24515780700051112,0.02181194984956174,0.023999934643916424,0.002948515393446744,0.0,0.0,0.002145084700633432,0.008455662029386695
0.04295286702931433,0.0,0.1278476715522612,0.011492963929451622,0.0,0.008277350978031901,0.0,0.0,0.0,0.10845279239285197
0.020407878264290108,0.0,0.13773820993541536,0.0,0.0,0.01946819890781485,0.0,0.024353397128766264,0.0,0.09166674230100436
0.0045355825733443085,0.0,0.2147131775360055,0.008124548219707022,0.02554558108821455,0.0,0.018808308831601315,0.007214861385983596,0.0,0.0
0.013530323848895923,0.0,0.010560324555706295,0.21575617530111146,0.017232485114869883,0.013040285702448516,0.1594285449393649,0.012216573279731326,0.0,0.0
0.037943682352529144,0.0,0.06440944513291405,0.0,0.11896749785721025,0.0,0.0,0.0,0.0,0.045799619686556874
0.0305223426005444,0.002339261349382066,0.006245432699276651,0.2378015322548696,0.08178700577969183,0.011354238489432423,0.0,0.036148582574367184,0.000519962800657839,0.0
0.001963826074486463,0.0,0.13746825022710538,0.0,0.0,0.051807711385244024,0.0,0.023372694908604955,0.0,0.12426344827399682
0.04951004034545178,0.01700934669058404,0.04191589110430748,0.03323338316150196,0.005695842677219721,0.06127000546142854,0.032173542382947576,0.007688134249163748,0.0,0.019919806034634453
0.0,0.0,0.0,0.00574164864534145,0.0,0.0,0.0,0.0,0.5735406924354587,0.0
0.005041536156214653,0.0006543927550525441,0.007951406849047491,0.08181646482590535,0.025574014176963897,0.012305848619335747,0.0,0.05821631170139946,0.0026600751530794593,0.092108675168426
0.0,0.0014326671305065568,0.029130209121129347,0.16056955450550034,0.10744561969032107,0.10347711451391507,0.0,0.0,0.0,0.060765600932539646
0.10353160231821647,0.0,0.009551656607234983,0.007265805620844776,0.05339038144937241,0.01824066861965287,0.019369386089816,0.0363739130702729,0.0,0.03297444831726167
0.09154445136513546,0.01192456065706573,0.003823102068431085,0.018756586423007603,0.05476563765655067,0.0,0.0,0.060493957443196265,0.0014254252418659408,0.0
0.048448458880451496,0.10598900276169364,0.0,0.008637260497586499,0.06256693531140396,0.058685165671460544,0.005404120469590492,0.006506240243349261,0.0018129339165760085,0.0
0.04511884985132905,0.004555212864244473,0.1466804225342199,0.0,0.0,0.03179030933738494,0.0,0.044681232727289584,0.0016272313814236583,0.0653995427402724
0.0,0.0,0.28295665706967693,0.04333409205629705,0.009542219609382636,0.0,0.02352531969548339,0.0,0.0,0.0
0.049945203235948574,0.051034544462914395,0.08080085204911622,0.016102611268673604,0.0992289446532943,0.04585732718797692,0.0,0.008580870942583413,0.0,0.05556560220050421
0.01056669884292671,0.039854419462892525,0.2205981459085496,0.036616460176578956,0.02281764281810373,0.06484508630715982,0.0,0.0,0.0,0.06887474399954607
0.0,0.11642683048629215,0.0937409654888815,0.05392231456289051,0.03222494183618813,0.09731757393381986,0.012483642527809542,0.07840727981621443,0.0015840921105135478,0.0
0.0,0.0,0.0,0.3199114937354002,0.0,0.006720131717647579,0.009495354367739193,0.0,0.0,0.0
0.0268438568733694,0.0,0.16902788943204455,0.04729199966099281,0.02022678311022418,0.0,0.01852998756619651,0.04796684021912013,0.0,0.020574916892072397
0.038446129581402616,0.0,0.16704394491636446,0.0,0.0,0.0,0.0,0.0,0.0,0.11575414578933499
0.022786522486531024,0.016983293905538425,0.08792046078993569,0.034504797790659944,0.009786774522357688,0.0,0.0,0.02036494974433319,0.0,0.036848788827615456
0.027581121211615232,0.015995669870115883,0.0,0.0,0.26898008019255587,0.0,0.007042813198321651,0.024266038306366724,0.0005637465437564083,0.010945134358857344
0.016970539556224032,0.0724627512803819,0.04616573653139554,0.14268731559434122,0.007211844756925002,0.004753250387908525,0.0,0.0,0.0,0.07938205465736639
0.004142060703777244,0.0,0.0019409818109511342,0.0,0.0012585638367542706,0.0,0.0010680054316991856,0.0,0.557568877552465,0.001471765512422183
0.02049078208529514,0.0,0.07514377985711503,0.0,0.0,0.005461185829020447,0.0,0.0,0.0,0.1809736717018798
0.10608394817049673,0.05354503773910859,0.0,0.021218638946619597,0.008364801687549585,0.0,0.004316319137464163,0.03399783392240372,0.004094084953783287,0.0
0.021696139410145945,0.0,0.11462065772205496,0.0,0.016372376940288032,0.02446613401167541,0.0,0.103576867375317,0.0,0.07890988762032153
0.15059334905945923,0.048103697832151175,0.0,0.0,0.0,0.018881914423107854,0.004466686653226693,0.0035401203216778596,0.0019404315018346026,0.0
0.14193746232953858,0.0,0.0,0.0,0.03678619150601773,0.07457006468486,0.03599923543577154,0.004691549137133916,0.0,0.010945481434253519
0.03012068251069392,0.04302997325085421,0.045855909345904486,0.0,0.09982453517532497,0.14841260143267146,0.03307727251862898,0.09404520022466686,0.0021414853684600245,0.0
0.11008061961103532,0.0,0.022444965443532104,0.0,0.11581598458694439,0.008836703865285208,0.0035159684701550494,0.02645821071271683,0.0,0.0
0.07090304658854238,0.018309181852668346,0.008028041561583602,0.0050133704595760765,0.02392584640544354,0.18664219533497547,0.0,0.0,0.0,0.0
0.009784453226131036,0.10274477452943948,0.0538998105605471,0.027694526173368435,0.009399848160836605,0.024725567355976155,0.022679984654051626,0.056663704755340896,0.0,0.0
0.05340317470634714,0.06729911369967904,0.024188352170235447,0.007289327938863996,0.04517689881848587,0.08441267696855989,0.0,0.02286048845107981,0.004265698532968232,0.0
0.02775102040548327,0.10267787329382483,0.00011324075506029512,0.013035571394083926,0.003489537073900992,0.1660750856442994,0.0,0.02918916975167638,0.0030887513374513627,0.0
0.0798733895553018,0.0,0.0,0.0,0.0753491489013854,0.033457198066639215,0.0,0.0,0.0,0.0
0.012260232800156739,0.0,0.0,0.02371528259966658,0.12847899424265502,0.0,0.007823900107991414,0.04718140912901095,0.0005730724480978518,0.0
0.12496496577464085,0.05633607895594602,0.004816054601510017,0.0016683131195793233,0.0637258337597114,0.04997924518204427,0.025650104756076462,0.025826411822281684,0.002769787790453244,0.0
0.0335941606890117,0.01065038336038825,0.03604899117429721,0.004024729116908336,0.06242569782577299,0.007078853727626887,0.009088662804226459,0.046570339841056727,0.0005782428867424362,0.16632101287596637
0.03001076464325225,0.11743100560673297,0.020441757717820697,0.0,0.005960306964256163,0.18464454254574472,0.022841112224483155,0.09545243657341763,0.001108341391330901,0.04143570839863142
0.0,0.005937816217260539,0.08643412248928013,0.05563991658834583,0.0759386854803692,0.13223504851355702,0.00341895326020801,0.0,0.0008435014416288203,0.08465513001560936
0.10402723027788993,0.02138017036390399,0.0,0.0,0.0,0.14988545004254955,0.0,0.0,0.0,0.0
0.06931141452485241,0.0455071337314765,0.0007752458704177564,0.009199352257804869,0.04025343354132296,0.0,0.0,0.10492455678542631,0.0,0.045649693432764496
0.0760663190777682,0.01399916536515373,0.054106552817240236,0.07532352763988316,0.018855420097996626,0.0,0.0,0.0,0.0,0.0
0.0,0.10853606679140385,0.003762859376371669,0.01627754939893683,0.02126163489965781,0.21216598567127598,0.0029014760748021645,0.0839347601774485,0.0005071290856011145,0.008368475983047432
0.045282350669991735,0.0022799609556498125,0.038628950025082154,0.0,0.03596436899105855,0.07851282770731045,0.018981807125229705,0.03182805285805779,0.0023731535424452743,0.11139108551692833
0.08119148445317644,0.027601764561926496,0.03865061375986685,0.005196832493486505,0.005650070064743682,0.023922882047092236,0.0,0.12586896692703817,0.0,0.0
0.01766912442235198,0.0,0.12181650290693732,0.0,0.0,0.16036249662564897,0.004300435917710923,0.05129438322911035,0.0,0.002213648159223878
0.0,0.1337588090319265,0.05354656767625484,0.0,0.0,0.03815316179416133,0.05325368365568243,0.08549150293610976,0.00026552694642913193,0.008416987307545028
0.01606140924384959,0.0,0.05204657315119224,0.02653835920946971,0.056250753706054014,0.0022428545590384734,0.0,0.0252736743684082,0.0,0.17938487504558653
0.11381767408833542,0.0,0.0,0.0,0.19068420480229636,0.04668038764852844,0.0,0.0,0.0,0.0
0.002197285178702438,0.0,0.02424486497252639,0.20553895986244797,0.00775966597981221,0.014512523014481452,0.0,0.01269158360848645,1.6910706733825497e-05,0.03129841235150032
0.023598413039412756,0.014104362384261462,0.07088560143645894,0.006105810587196505,0.012035125882996362,0.0,0.002906921926457001,0.020829652958331387,0.000862078957191856,0.05653105157056931
0.0,0.0,0.01953644876800899,0.23084599026906408,0.04083055797983776,0.0,0.0,0.027007311284024664,0.0,0.0
0.0,0.06725399289258586,0.0,0.0,0.0,0.0,0.03884910145244275,0.3283488584045924,0.0,0.0
0.1377264528280679,0.0,0.02065457679345009,0.0,0.057731288179095036,0.0029350949309181504,0.01789672745140609,0.02316761585065084,0.0004062940334608631,0.0
0.0062069617729115616,0.06593506806415478,0.0,0.0,0.04249264245797673,0.0,0.0,0.15590540675776682,0.0005968521544782292,0.15698917971109128
0.043122055325995445,0.0018554956273725653,0.0,0.0,0.0,0.027846508234331865,0.4012436501727416,0.03126316012824748,0.0,0.0
0.04792205224047755,0.0,0.0,0.0,0.0,0.16663113311606967,0.09300353371517336,0.021982480222305072,0.0,0.0
0.0,0.053087840509523684,0.0,0.03146576587129183,0.0,0.07032934781763964,0.12125937619783313,0.07923965976824379,0.0,0.07344658104550686
0.028438754068306333,0.0991154933481445,0.0,0.0,0.08099239717872428,0.00035202999674120375,0.02517965587846075,0.10113811006952508,0.0004707073211833542,0.09209636324594148
0.04123059085289229,0.0,0.21583425813157714,0.0021835709872625834,0.0,0.0022688240080748403,0.0050123177819830465,0.02041495101985036,0.0,0.016109940574698497
0.09027574962768495,0.06732120213359098,0.0,0.0,0.0009354182580353848,0.0,0.0,0.17155715034538924,0.0007560954514424761,0.0
0.11276631279132761,0.0,0.019325534326642038,0.032246462474356835,0.0,0.02717614428658212,0.0,0.0,0.0,0.001582045766292959
0.0,0.05609569831156751,0.0,0.0,0.14707494486658132,0.04734084418570421,0.008678954372067001,0.138149221011403,0.0007486021539088984,0.0
0.10780520670585579,0.0,0.01830074407110772,0.005772927098500466,0.05244093644963718,0.11459554438939902,0.0,0.0,0.0,0.0
0.02818544307497736,0.056877536235770396,0.0006505829975676882,0.031000146507967154,0.047842655593708094,0.139426746331027,0.02880290823718077,0.10663954581940327,0.0,0.0961290603648575
0.0,0.013308431993136046,0.007024895051739488,0.0,0.05825571258388815,0.0,0.03699250184578259,0.09190131699186262,0.0004022555035491083,0.13928443245117947
0.12284686273264128,1.3080056317574151e-05,0.0,0.0,0.010261780619111104,0.02848397886985068,0.0,0.052829648215599614,0.0,0.0
0.0,0.0,0.00262889272707881,0.015978374399607517,0.011289188807956523,0.2877959883822624,0.0,0.0,7.6188510380936e-05,0.0
0.031197654423736065,0.016941104879112,0.086632302497416,0.0,0.015540452151718676,0.0,0.04639400302191626,0.0,0.0015653029701725898,0.003695976789309006
0.09626916281459096,0.0,0.1294410654192167,0.0,0.0,0.004161834418012082,0.0,0.019187593438844255,0.0,0.0
0.0227789188338964,0.0,0.0,0.0,0.06618555940778877,0.3326413229776828,0.04175669982785971,0.048516209848257656,0.0,0.0
0.040401333389962546,0.0,0.0,0.0,0.11855074521897947,0.08446494002888974,0.01741729937490749,0.07755339398807172,0.0,0.0
0.0,0.06614782334600258,0.0,0.0660087261570198,0.0,0.14212704343876495,0.0,0.1142081383359026,0.0,0.08551126440655586
0.010581897873360958,0.011015710732077412,0.0,0.0,0.02614100964330589,0.014964004231658806,0.06417571462853167,0.1488905498505107,0.0,0.08352321976462079
0.08213479212997539,0.0004685152089353645,0.04610883088210683,0.036463526283720384,0.0,0.008794383791084028,0.008431243020644037,0.026132675620463494,0.0,0.011483801170645696
0.059067340610081946,0.0008363221531678787,0.058581348851746796,0.0009528641951343621,0.00018493405104962263,0.0,0.02395582147708171,0.0,0.001853741737083772,0.1039995768988647
0.026295866987594285,0.0011448864974789063,0.09392525217637782,0.0,0.0,0.008699242259205613,0.006924972650837111,0.004498988866965299,0.0,0.02281251855599161
0.0414148378276342,0.025875777309107884,0.027273061543064463,0.09018292916820121,0.03984528562865451,0.004413017612774343,0.0,0.08818072123593543,0.0,0.0
0.15237386027172695,0.027669527931118293,0.01678715409239256,0.0,0.0,0.06536078929388683,0.0,0.0052472734811070745,0.000749187843177136,0.0
0.06190925537109025,0.0,0.03187428682042337,0.0,0.038165512005007014,0.16341007279013817,0.0,0.03772664759459458,0.0007069716834528118,0.03539403760344164
0.0,0.0023206524249812714,0.06125075855489409,0.0063644337921693675,0.030008831682033617,0.3282364439068652,0.0,0.03348098866744028,9.302184758623665e-05,0.0
0.00021175742238321957,0.0,0.0,0.02767824434133894,0.0,0.0,0.0,0.0,0.0,0.2852600262785823
0.0,0.07184304397682666,0.07313920011255501,0.032320997786689426,0.13798201151434222,0.01770111502417938,0.0011372981744610224,0.08556790183874341,0.0,0.07645502129440208
0.0,0.03180851407316218,0.035853646534382014,0.019254218955128185,0.060032682575643086,0.10595154259770186,0.015710972146739246,0.0769515283848204,0.0,0.12351468282310046
0.02789885149024877,0.06236146770074924,0.0,0.0,0.1162249362693279,0.03232048875813344,0.06372049307885279,0.0,0.001011865669625262,0.0
0.11439428932362908,0.022106149878604164,0.0002700347190191225,0.0,0.0,0.000903870994924758,0.015000328873834352,0.031220963915034476,0.002552412209131038,0.03675167901344432
0.11365994846714053,0.05300878476226267,0.08867573944142665,0.0,0.0,0.0,0.0,0.07641620460858856,0.0003517875326963449,0.008163720828592727
0.0,0.10669520681018405,0.0,0.04649686161947569,0.0,0.028174584109517616,0.011317252404790597,0.23129718986419007,0.0002817425080636382,0.06728825603538881
0.0,0.0,0.03411926546762812,0.042516274078259454,0.02369577283890369,0.039763290651103685,0.05232045880513211,0.14080001042265272,0.0,0.1217171537489914
0.0,0.03225724743789628,0.024194849480535508,0.060454914172837104,0.03733829858693795,0.0,0.004175898167465111,0.13578732781502428,0.0,0.14329914824801185
0.003020174050145116,0.06739746695247915,0.0,0.04959720980888259,0.01562836257519365,0.03288999982599411,0.0,0.19569859176936896,0.00027345830751078346,0.02964000797389445
0.0,0.06044688227563697,0.0,0.0,0.0,0.21834641185671896,0.0,0.0335774471677235,0.0010723362294794033,0.0
0.03968275894366418,0.054083284062649555,0.0,0.0,0.05154441610908134,0.0,0.0,0.22836226796499365,0.0,0.0
0.0,0.06372363610478386,0.0,0.009997835050793347,0.0,0.0,0.06016771033663509,0.29960357828751333,0.0,0.05123531610943937
0.012384962802934003,0.12195934915812699,0.0,0.0483028903548634,0.009734009797686542,0.0,0.0016413581840575666,0.12471327314017815,0.0,0.06532723496175855
0.0,0.17257929405680575,0.0,0.05115001585720668,0.0,0.0,0.039495401288464224,0.11846150530056414,0.0,0.004437658527983317
0.09735381356165614,0.020604072698829908,0.003803017992615274,0.0,0.0,0.010118014287058831,0.0,0.031082595906031327,0.001045184340658422,0.004548623435158185
0.0009918723949532526,0.004064494212243434,0.11977735997632905,0.0276240480742792,0.0,0.02994177366161753,0.01441288324944854,0.15937870043649696,0.0,0.10757609726157466
0.057673022095621494,0.0,0.0,0.03430335912541244,0.165291330859193,0.029301549866174722,0.012629380238451096,0.016476294766031692,0.001465090379288163,0.007730649388801967
0.034447204251928855,0.2018154708265995,0.0,0.0,0.0530399824735273,0.0,0.0,0.041275134229176155,0.0,0.022583291852960166
0.012172683315461284,0.0,0.0,0.0,0.0,0.0,0.01587415646884381,0.12416888780947333,0.002399946715807838,0.09020116455094068
0.0383891998465204,0.14713315469213242,0.059990595114058055,0.030406766344737258,0.018425386590999692,0.03664628336711267,0.0,0.08578468412161341,0.0,0.05466388747269807
0.001477235770466726,0.0,0.0363759890253875,0.09913318184620758,0.024607981425082998,0.0,0.0,0.1253598743047506,0.0007216410697541945,0.0
0.0,0.015443648279241495,0.23522539971631357,0.0,0.0,0.0,0.15195469800501823,0.0,0.0,0.0
0.07305542641374212,0.029999736248210396,0.008141962955209256,0.0,0.0006394921317022567,0.12164853431410895,0.05957640946833173,0.1336706157583611,0.0006089071967122657,0.02037098955203285
0.0,0.03514389621223412,0.0,0.005508658008872481,0.0,0.0,0.09189430541929866,0.18323168545154292,0.0010869384165888083,0.0
0.04494829368996384,0.013804168621115994,0.005820472876914397,0.0,0.0,0.00850676457260421,0.0,0.06319656875765468,0.0,0.0487912683574859
0.08857156196062399,0.002061962146301144,0.006648881262134419,0.06521802950955947,0.0,0.0,0.0,0.0,0.0,0.009560012422472525
0.0,0.055816622615718715,0.0,0.0,0.009878879993092551,0.10157588302770061,0.10147051862871602,0.11207078889120742,0.0,0.10285191688613644
0.13094665432171054,0.0,0.0,0.0003931342922083666,0.0,0.0,0.0028981993438786315,0.025798213331015698,0.0,0.004668188587943182
0.06752790872960078,0.08435963541410846,0.0,0.013823413625716121,0.07597444312654494,0.13982788467149956,0.03726252896391622,0.016896260195303495,0.0008651696630023213,0.042422437538563104
0.0,0.06332900059808685,0.035819086567568326,0.0,0.0,0.0,0.20394903677580598,0.10995688532494825,0.0,0.02926458209183441
0.07064792924930131,0.0,0.0,0.0,0.005600131467927032,0.011065691293196116,0.06117554212887953,0.06584601678368836,0.0009972540811459334,0.07099058977147897
0.08949908900952948,0.0,0.03920568665328236,0.008949176805852617,0.0,0.014560825679638607,0.0,0.0,0.0037850106327254047,0.04703665930602423
0.01558836330226706,0.0,0.00450567465744538,0.1457340705650568,0.0,0.0,0.01518085825204186,0.06675046576254409,0.001783973959260676,0.0
0.04288456051051146,0.032443874560723986,0.014547883145854819,0.0,0.0058535389151800395,0.0,0.060227331635929714,0.08233094819948528,0.0007909467458127833,0.060613628839746525
0.024501876501075548,0.0,0.0,0.19379622621237766,0.007880810561751854,0.0,0.04194864809674633,0.0367881664595887,0.006977605226235477,0.0
0.0,0.052945811459316296,0.0,0.0,0.0,0.0,0.0,0.27439550904136434,0.0,0.0
0.0,0.12511213817237518,0.03522199676677098,0.0,0.00015287711635283684,0.0,0.05267568417719535,0.07856825250362807,0.0030339862241167996,0.0
0.014438563548620439,0.0,0.12213952782643411,0.04061313599049445,0.006498027466616033,0.0,0.0,0.0,0.0,0.17011200615984948
0.045898489438694234,0.0,0.05060478696427967,0.11338400413930616,0.106348513032554,0.0,0.0,0.0,0.00024017267678131234,0.04698028079671328
0.05445077910235168,0.0,0.0,0.03465832127988402,0.0863756150076237,0.0,0.0,0.0,0.0,0.0
0.004022928424513017,0.0,0.07801583140805854,0.05762993224816836,0.0895229177480771,0.0,0.0,0.04236654341410731,0.0,0.0
0.06452777101795477,0.0,0.0,0.0,0.13447830529167687,0.05120300262217681,0.031310140696851715,0.12324325642537873,0.0,0.0
0.056198895864225655,0.0,0.0,0.21264050114440441,0.004905209515416827,0.0,0.012673027376968711,0.02760430876899794,0.0,0.0
0.10376769222646154,0.0,0.028353605679288872,0.0,0.009018943190843684,0.014901459108964432,0.026860213554630905,0.0010010528312167908,0.0,0.0010483651161423677
0.12154362605957511,0.0,0.01148200856289581,0.016987837044396478,0.057061198093298064,0.0,0.0,0.028570154051698455,0.0,0.0
0.10700940331143205,0.0,0.020005180852095995,0.026999491893191604,0.10812869846393681,0.0,0.0,0.01029284844534841,0.0,0.0
0.05591374738818915,0.0,0.0,0.09387927137843274,0.009360816119188146,0.010535386822283771,0.024773012862265083,0.034994383715692856,0.0,0.0
0.0,0.056647599769781384,0.1294998417352154,0.0,0.0,0.0,0.08069019063994864,0.04005750309879511,0.0,0.0
0.0,0.1274744498067719,0.0,0.0,0.0,0.0,0.06562533115310387,0.21112778425626916,0.0,0.015377444384220531
0.07117328059590886,0.010437771162969822,0.0,0.03664723643503782,0.0,0.01995640027264295,0.03719355897085015,0.0,0.0,0.03669940821857726
0.017194972128509296,0.016221219649715447,0.0370994568451969,0.014254476279051409,0.06221545503518836,0.016270866015057776,0.0,0.14566172901581725,0.0,0.04613579745799881
0.036032168441261704,0.0,0.0,0.18406762612418992,0.019548229163113925,0.0,0.0,0.046901861437827305,0.0,0.09490380445194561
0.02584894698086917,0.0,0.0,0.28376760135603946,0.016592509066363798,0.0007529627709888711,0.01932868550569118,0.02522953916325896,0.0,0.0004075004846658488
0.07028300339471724,0.0,0.05226196194713559,0.09440542043964106,0.06055080717404149,0.0,0.0,0.0,0.0,0.0
0.009276792152169705,0.034747414202178924,0.0,0.00247878035464591,0.21472117070829455,0.016173118459235258,0.0,0.03318108883976119,0.0036760789843835375,0.08919340820353346
0.0,0.0,0.0,0.0,0.25451789706890193,0.15894881027567928,0.0,0.0,0.00042674385370468164,0.0
0.0,0.02194878320473144,0.00010598458499185316,0.10886953636719669,0.09674852510831013,0.08195938217305346,0.0,0.0,0.00207200974713016,0.013544830824457576
0.13251116719139797,0.0,0.03883329647636781,0.01596844183071455,0.042527040376792516,0.0,0.0,0.0,0.0,0.0
0.023582813327020034,0.0,0.0,0.07025237764401474,0.0477866504403296,0.0,0.0,0.07495804664172687,0.0,0.07450305418417884
0.0,0.0,0.0,0.28913404546690935,0.0,0.0,0.035707018148031094,0.0,0.0,0.0
0.10839376563267411,0.0,0.0,0.0,0.0,0.0,0.0,0.0,0.0,0.0
0.042835508593286935,0.0,0.0016801820516266473,0.14712888660360443,0.020599047009989848,0.0,0.02196458824966137,0.05894377891040086,0.0012138369010860886,0.0
0.04515229645400831,0.03874653005860771,0.05929977122780941,0.0,0.017274212805212387,0.0,0.031324058593389006,0.05291953157316684,0.00030870919736099994,0.010111438403255497
0.011243972482897718,0.004364179425269107,0.016560853430264654,0.1727422687312959,0.024617184981278968,0.01691328832524906,0.0,0.11312560582872253,0.0,0.0
0.03129127359134408,0.07631839580474459,0.13081818506156692,0.0,0.0,0.0,0.02765392253315506,0.08460557558577164,0.0009084877162428158,0.0
0.0,0.005983700649235178,0.0,0.011480442430487845,0.03496005507522929,0.34443295347182556,0.04269723682898214,0.04444363071823688,0.0,0.0
0.014036287874361978,0.02047802684858864,1.7483017448023e-05,0.0,0.0,0.28393217014029454,0.04196219688174984,0.029497005708719253,0.0,0.010894917762821268
0.0067997236726190565,0.0,0.0,0.004305817714051433,0.0,0.28119732229449723,0.0,0.0,0.0,0.009641327893338126
0.032273586691240363,0.0,0.0,0.25461862329028767,0.0,0.0,0.0,0.0,0.0017161040945527048,0.012240220252592386
0.008853137605569897,0.0022575439144541737,0.023883398561148447,0.13166543844752385,0.03837612601569029,0.0,0.0,0.1213281892286735,0.0004044783278069562,0.0
0.06323323641186128,0.0,0.0,0.20922973014288776,0.0,0.0015091974884507608,0.0,0.01396159896241106,0.0,0.04026790533068168
0.021333650194796248,0.0010407493425721912,0.08067896243158366,0.0,0.0,0.2081208893405071,0.0,0.0002299456914390128,0.0004417697566919213,0.0
0.12626673899360097,0.0771916289025874,0.0,0.0,0.0,0.0,0.0,0.0,0.00021914720963242063,0.0
0.0,0.011985013552600818,0.20790827944477253,0.03221233313624027,0.022449965631769854,0.0,0.0037625854768893307,0.0,0.0,0.04449537939460743
0.01759914719172791,0.02597841828354097,0.25156585112558505,0.0,0.0017743768608276275,0.0022651304880321873,0.0,0.0,2.8765885705109163e-05,0.016339727394838084
0.0,0.057966168184861985,0.1473382345165527,0.0,0.007266720790366892,0.0,0.0,0.04973839181320427,0.0,0.0
0.1484326604528662,0.0,0.0105390628565653,0.014934319015653895,0.0,0.0,0.0,0.0,0.0,0.020855674454339796
0.016046661510238567,0.11643290469954515,0.055904013815281844,0.000944152854983446,0.0,0.0,0.021639644608794077,0.0026499730048508063,0.001388894777749228,0.0
0.006743416171016505,0.0,0.0,0.06965347555867048,0.0,0.0,0.0039837724993916435,0.18305659950555836,0.0,0.006786198967348204
0.0,0.0,0.09755513021998961,0.02544110281062004,0.06392818186721215,0.018969234399074355,0.0,0.051793926450519966,0.0,0.11059968889957685
0.016742079206847796,0.0,0.02296482254099267,0.02717931772097111,0.12769226954619947,0.15477757916537885,0.0016025465095318866,0.04838486171961193,0.0,0.03126379363461429
0.0,0.006585636759759922,0.0,0.1343224096147201,0.07977218566406515,0.15401519679467202,0.0,0.0,0.0009048053594701156,0.03845097289168894
0.08245765810979373,0.0,0.0,0.0,0.14033622370589374,0.036063098053985124,0.01400020191983846,0.0,0.0,0.0
0.08184509498237562,0.0,0.08575496604019271,0.0,0.025850644579382444,0.04777105106924921,0.00026874324030785456,0.014840580677894549,0.0008411589679769506,0.04603486908481356
0.0,0.10677410521478584,0.1830829901911073,0.0,0.012438398478272971,0.0,0.01937624350246734,0.025993466055794105,0.0016879981866816077,0.0
0.019298721557820656,0.23270380200452936,0.0,0.0,0.02611983910008464,0.0,0.0,0.10677592093839013,0.0,0.01598852443075565
0.0,0.1627013022712133,0.04590416524580257,0.0,0.0009870577782808043,0.0,0.0,0.10340598573127381,0.0,0.0
0.025906838652795604,0.05580173342654629,0.006361126091021814,0.0,0.0,0.0,0.0,0.14274183800010629,0.0,0.07076206025646387
0.0970756913473194,0.03665556330607484,0.01382744361867326,0.003401733330540358,0.0,0.07082261672824139,0.08341920607599902,0.0,0.0008956147956476414,0.0023105682348686387
0.0,0.12549209682429077,0.1870730350757129,0.0,0.0,0.0,0.021179440774648305,0.049152598560477365,0.0017232502306617626,0.0
0.10788552024863127,0.0,0.06235909658180378,0.0,0.0,0.06086060573358329,0.016513419916985066,0.0,0.0,0.036051889564679765
0.08472224703879469,0.19115026786373904,0.0035310760805967,0.022116989629365782,0.0,0.040290242457436884,0.051891976451029685,0.0,0.002164640333981361,0.0
0.06564296832927437,0.0,0.10283893312792627,0.0,0.03864481070108315,0.0,0.024048271349465484,0.052510673038852755,0.00014173761744362194,0.020726907278666763
0.01525880865706671,0.0,0.0,0.0,0.0,0.0,0.0,0.0,0.0,0.2500740356205841
0.0788086292935079,0.0,0.078336735480547,0.0,0.0,0.0,0.016947560508361253,0.015494714666185124,0.0,0.021490962638363073
0.0696209515843855,0.19618914675962723,0.002846511610807254,0.02101904106221419,0.0,0.009510306670500858,0.08829455034063925,0.0021835454671118378,0.0017161726418808685,0.0
0.028016293587821164,0.0,0.14500478990767057,0.0,0.0,0.0,0.0021423349022826567,0.014871444729307012,0.014732658624263859,0.06500557250344777
0.08464102336894279,0.011647993869778423,0.04507866124630429,0.03232643720045375,0.0036268494731750505,0.0,0.0,0.0,0.0,0.0
0.08450475423473709,0.09152659024393117,0.11195687294125,0.0,0.0,0.0,0.0,0.03792223753151059,0.001287386914322766,0.008492044271197001
0.1327189831581129,0.0,0.0,0.0031649523520662828,0.03963281793398209,0.0,0.0034285478837593145,0.0,0.0,0.0
0.0,0.0,0.018628881786821674,0.23476977182114475,0.08562601209577683,0.022017133335609913,0.012877032006641765,0.0,0.003034585297896567,0.015356024841972708
0.01610964962954613,0.08984228986984563,0.013857429441821788,0.004939970169460246,0.0,0.0,0.03848249419849348,0.0,0.0,0.012499799447829807
0.07447740974191953,0.0,0.0,0.0,0.10623148692144177,0.0,0.0,0.030458046690002197,0.0,0.0
0.045191269653734975,0.1781819842132235,0.002541717070136104,0.02353925368737579,0.0,0.00939859134931449,0.02699516584195754,0.030693082456823496,0.00026444070155669865,0.0
0.03372670397391185,0.0,0.04639527737492713,0.0,0.0877819359356208,0.014949215346388175,0.038841415511412354,0.10748104601403126,0.0006038713092474026,0.0
0.0,0.06862307537745196,0.03375594262019965,0.02370847374234033,0.05855001559004198,0.0,0.0,0.12484848536833187,0.0,0.116461887331961
0.05242733477878507,0.0,0.015016077180816921,0.013086168068057754,0.20368370184284984,0.026303329511825724,0.0,0.0,0.0,0.0
0.0,0.04564656374478337,0.006510807825215548,0.014241705372658554,0.03639230897845169,0.0006145104200383944,0.008844853794110345,0.11627351980811008,0.0,0.2209491250716315
0.010677223448805522,0.027948907219567633,0.0,0.0,0.1811329711744467,0.0,0.0,0.10942653538084844,0.0004794783069260657,0.0
0.06052184443964996,0.0,0.0,0.15034406822983526,0.0,0.0,0.0,0.0,0.0,0.08895297028766552
0.045452933652354505,0.0,0.0,0.0,0.07850668145174455,0.09507292191480896,0.0,0.0,0.002149438333518194,0.022929605410309497
0.05179031061488322,0.0,0.0,0.003847046787653942,0.08283092020752733,0.016754088371448074,0.0,0.1566574719220691,0.0,0.006855107466216635
0.03840512002919814,0.027560957861454433,0.026480851269771837,0.0,0.0,0.0,0.04581203542898331,0.12997386886381546,0.0016345741109556819,0.0
0.0,0.0,0.09565270538122862,0.0,0.011742267279830822,0.0,0.13985461656914594,0.03823329046340404,0.0,0.0
0.034161132491300705,0.20531830277374932,0.0,0.03660851019637616,0.0,0.0021066769561246274,0.08562202951181842,0.06425117188982378,0.0,0.024060520474504122
0.00033773146146288155,0.14828071207534055,0.0,0.005336687802990279,0.0,0.0,0.0,0.14497855880079918,0.001519616953026478,0.012465333458949745
0.022914372452008534,0.09191562025973044,0.12290563577324634,0.056814623514719984,0.09569732236960563,0.004130637168566925,0.031202073771448464,0.09426109437028472,0.0008706099531813847,0.01554970402251267
0.024709494524144095,0.15704624981900372,0.0,0.012468847339867408,0.0,0.03405948714478674,0.049716419949599126,0.0,0.0,0.00964976822418671
0.051205690926482306,0.0,0.0,0.04234860844214204,0.0,0.0035946378444778153,0.0,0.1421126744362043,0.0,0.0
0.04612108345518203,0.20469486014991875,0.0,0.010020091645814034,0.016738784170594063,0.029154404272998168,0.14448133628507998,0.05053574830125274,0.000569417773672426,0.0
0.037488284500729996,0.22899153371395178,0.030991466333811155,0.0,0.0,0.0,0.028063274298946943,0.0,0.0,0.0025963559977013797
0.0,0.03128025680274497,0.005631459930958579,0.02226080094737768,0.011125763849426058,0.0,0.0,0.16269596987351256,0.0,0.14729229547593636
0.04521964420815987,0.0,0.0,0.01201772236339354,0.0025660611639791208,0.0,0.16234778530666022,0.0,0.00022698752120823675,0.0
0.025314505910607455,0.0640741681290435,0.08579481643429245,0.0,0.0,0.007561398484817618,0.05585218707104781,0.02585933913546085,0.0,0.0
0.0,0.037860987878915425,0.011347298991598621,0.010175037079748254,0.0820082584000141,0.0,0.014897721477464232,0.125422561929175,0.0004115410467508158,0.11426185122274538
0.04017344307509399,0.04250586975146139,0.0,0.0,0.19578091529245759,0.0,0.010299585986415305,0.0,0.0018615611460352686,0.0
0.045028860356575016,0.02418889751936257,0.0,0.021045227224541076,0.0,0.014112089570432087,0.0,0.13560418784731068,0.0,0.0003751567713433819
0.07778023447992102,0.0,0.0,0.08876843087662045,0.05477486913255137,0.0,0.003992011448047789,0.019273308499622506,0.0,0.0
0.12409582254184454,0.010685793908976157,0.0,0.11062983471880516,0.0,0.0,0.02962651288712615,0.05096857142993017,0.0,0.0
0.11488261108685752,0.0016176385030810775,0.0,0.08968171439639298,0.0,0.0,0.0,0.07334095636925324,0.0,0.0027875386503360498
0.02656407730725056,0.08476386915564754,0.0,0.007531458627809367,0.0,0.14167967069276735,0.04389767985986656,0.02896511828178766,0.0,0.0
0.0,0.0,0.0,0.1747475359750315,0.08980634253877104,0.0,0.0,0.11032691275877617,0.0,0.00708282016222179
0.0,0.0,0.013697944841690768,0.029131751148365588,0.15598421311642657,0.00956826068994417,0.01958306675827583,0.0,0.0,0.1866864880847709
0.06704058686742587,0.0064469985880511015,0.0,0.014395248151687039,0.0,0.0,0.0,0.05318926880374301,0.0010879619412294808,0.0007261288810753784
0.08700631306951419,0.0,0.0,0.0,0.18074471072256607,0.023148873324724185,0.012711905369335521,0.010916116291504227,0.0,0.005285387539005302
0.0,0.011439069967050219,0.04932877995483311,0.0,0.06712447583733967,0.020811765697885787,0.0,0.07277195645270251,0.000699259462771553,0.18323853816621788
0.0,0.16709061833454256,0.0,0.0,0.012488684893553145,0.0,0.04616978696001345,0.07964540416436588,0.0016980490706983073,0.043481301233055
0.0344981022105459,0.0,0.0,0.0,0.0,0.0,0.03181712135222711,0.0,0.0,0.16442991366659623
0.0089297632334462,0.0,0.0016928552098836324,0.11104786130925604,0.045479244200024055,0.0,0.0,0.08444809372074139,0.0,0.04372524612799187
0.06058950790924154,0.0,0.0,0.0,0.10383564795295344,0.0,0.0,0.11462372805937417,0.0,0.0
0.026563911896833315,0.012292022488368248,0.22392170601188796,0.0,0.0,0.0,0.015992510767260062,0.017283940748449723,0.0002339967206573417,0.0
0.021916851120304805,0.06626417734634187,0.022517746692529154,0.0,0.0,0.04271696952402092,0.03603168064159411,0.002651846275350115,0.0008663602154855771,0.09843941611869965
0.035337970218572635,0.005856676275113952,0.20347551931240593,0.0,0.0,0.0,0.04049170732966296,0.0,0.0,0.0
0.0,0.025130616337603443,0.1526223594422778,0.1472474990943047,0.01593983614888467,0.0,0.004768468813191239,0.0041629200066126675,0.0007972206237596349,0.0
0.01735619477813368,0.02979373288630663,0.03330671902356693,0.017431035333435242,0.09537094468249818,0.006306299890650542,0.0,0.026052668420506072,0.0,0.017357379220120477
0.046025146512223364,0.0,0.0,0.0,0.12503969318695146,0.0,0.0,0.09553590293759348,0.0,0.0
0.007785236649027785,0.0005409112360555714,0.0024882714354676613,0.016447786439148123,0.015518176945751446,0.0,0.040755462778379534,0.23780837759424545,0.0005657662047638291,0.02399404612572531
0.014190493645803076,0.0,0.0,0.0,0.1817479093647115,0.0,0.0,0.05248639090471009,0.0008865587992470506,0.0679638145457431
0.10734702097346564,0.0,0.0,0.0,0.11079281718734309,0.0075267337795968305,0.0,0.15680089222074745,0.0,0.0
0.06811278156740448,0.0,0.0,0.0027132265625932706,0.02209302653229629,0.0,0.0,0.17142689826005011,5.3003020972666665e-05,0.0
0.028680344544108484,0.07157381728188518,0.0,0.01235726018708789,0.06834636287624347,0.04947096675012356,0.03912026019455324,0.11314623608603543,0.0010290387100219092,0.0700258059688981
0.009561675468940802,0.03656468420724846,0.02999893892092731,0.0,0.004042984207433151,0.00011541514126328809,0.10678908890399075,0.09213625186136486,0.000665774800549184,0.1413316409735283
0.10858244173401763,0.0,0.044545078090543935,0.0,0.045561921978975475,0.0,0.0,0.03339899806209587,0.0009463594706065803,0.029578436781211102
0.06385780477317209,0.0,0.05127438475566376,0.0,0.03333764661279316,0.16363109212253005,0.0007629072104577535,0.0,0.0,0.0
0.019569143125182636,0.0,0.0,0.22093796774395827,0.0,0.0,0.0,0.0,0.001869984142568239,0.02067047563039704
0.005827503466040228,0.00819640175458107,0.14194366006449277,0.12698743361017964,0.00280585366058939,0.006644452198639071,0.0,0.016406288479534407,0.0008115209157744807,0.0
0.0,0.0036056008154672246,0.1601001558608485,0.12933598786855982,0.0070165275355673126,0.013475361197205323,0.0,0.018766534041210946,0.0004956008406910745,0.026081718734312517
0.015756728811551463,0.02713816763335204,0.018671039102877488,0.004547601462147922,0.0,0.0,0.021472528942868517,0.2590778232460223,0.0023141162113547156,0.04805143359627898
0.03481104555154853,0.0,0.0,0.08795806075859229,0.0029984250790279676,0.040961432712893486,0.04827394150598636,0.11965527409898073,0.0,0.12302947022897123
0.06204310606738892,0.04535815797350958,0.02625993524094102,0.0,0.008575321730736496,0.0,0.0,0.03484508149731643,0.0,0.07312537768591502
0.051027038993080455,0.02727359650238125,0.0,0.011959877893785076,0.06876644143465656,0.05442649437636956,0.0330778092482593,0.13511209636996338,0.0,0.008002708831822433
0.0,0.0,0.0037702545226724923,0.0185655601057749,0.04983301431415694,0.033917638091522324,0.29469474296795034,0.0,0.0,0.0
0.0008830010649755824,0.0,0.0,0.0,0.0026675932986302154,0.0011666754377559622,0.00027741573994142284,0.0026891776642056736,0.5783575518467221,0.0026121364889368113
0.037895445974323365,0.0,0.02368325128927213,0.1839596703731006,0.060224294367516515,0.0024642625002481147,0.010825154799048081,0.02478248447105757,0.0,0.0
0.05186067792495937,0.013528375408146468,0.04709645695097688,0.0,0.0,0.03459754256910275,0.058322911104990945,0.0,0.00998565599277242,0.049059092066305536
0.022231367903221746,0.10543725020671645,0.022436645500670913,0.0,0.018781315550710553,0.013324971447647134,0.028302540200628317,0.026422008943558117,0.0,0.08078452182305029
0.0,0.0,0.24986901910918766,0.06210727632279672,0.0,0.0,0.0,0.0,0.0,0.0
0.027782337181579672,0.0,0.0,0.20102799186783296,0.01872357868704113,0.014275196181555233,0.0,0.010408133866637949,0.001669727442930453,0.006061430547657935
0.016530593013963434,0.0,0.0,0.1766020418659616,0.054839281609542774,0.011934018309882182,0.0,0.0,0.0,0.04956538397561042
0.050728379150117645,0.0,0.021905644869991636,0.01993606952001057,0.049393389473460884,0.06856973817841754,0.15496554621610517,0.0,0.0022662449372251644,0.01197144980091993
0.05259635868079573,0.12611071293502926,0.008020829633430595,0.013403115662145294,0.009865695649455233,0.0,0.01201467357642508,0.013102269147509305,0.0,0.11578993419877842
0.061875002269583035,0.029741525376521066,0.033506503283918056,0.0,0.060603395213073716,0.14387507071504452,0.02440891735698739,0.005974982899543488,0.00210248562215234,0.032418834607021475
0.04432274670628605,0.007052403288188417,0.0,0.04305440483761024,0.0,0.0,0.2516874321516642,0.028507354275778066,0.0,0.0
0.004655590856372956,0.0,0.0,0.013667658432391325,0.10249114936755568,0.07955803757303224,0.0788916936462093,0.062159403306976856,0.005863156442152451,0.018077230258778387
0.039625413395814525,0.002406116431276418,0.045577233662090155,0.0,0.0,0.0,0.021584932838897203,0.0,0.0,0.19845592496384418
0.09831061706122414,0.0,0.1167063384932692,0.0,0.011459484365221201,0.05357476692064299,0.0,0.0,0.0011024843545697988,0.0
0.05725959729470859,0.0,0.02053589621483182,0.0,0.0,0.0,0.03766879909668159,0.0,0.0,0.1995099380927551
0.09624136908676313,0.03132816321543422,0.026532523544565888,0.0,0.0,0.06714563458370497,0.04155082407460336,0.022328526207751987,0.00048033661922015935,0.0
0.09213560698681995,0.0,0.022984720310895698,0.007011956027425385,0.009151319928525869,0.0,0.021046683100596007,0.06775291829484954,0.0,0.020155977527165168
0.07728226296572917,0.009749519100867444,0.027224083700843702,0.015416813012213704,0.02114579088779685,0.0,0.0044639187488762794,0.023678146392937655,0.0007601352068643416,0.026776742403857787
0.017695264460921664,0.029943234875442457,0.0,0.01756221081879281,0.1345785774845459,0.0,0.0,0.012266354589974908,0.004185449374279009,0.024647636256060125
0.055818390386288386,0.0007707360373464503,0.0,0.0,0.0,0.00923135442426946,0.03412011064152387,0.0,0.0,0.1707897730443451
0.09876599992073691,0.05293309255256949,0.011088125453640482,0.0,0.06749922254931268,0.04704780940289736,0.0,0.04500245736437624,0.0,0.0
0.03641195339393567,0.0,0.0,0.0,0.04640079344760554,0.11921538484646417,0.0,0.06668677601611668,0.0018816204939701175,0.07174121377758214
0.0,0.0,0.03677997195802223,0.0,0.15914095957367802,0.008282140963520531,0.0,0.060601795585720736,0.0,0.06786397933424364
0.0,0.0,0.046771839222551945,0.18945122576236595,0.04357785217005312,0.0,0.0,0.03197953773681411,0.0,0.0
0.07003733528766812,0.0,0.008816324507301774,0.052524330199534675,0.0015334177773400574,0.12598263432226503,0.0,0.0,0.0038068015291588785,0.0
0.006026800077472342,0.01294405725201399,0.0916822410821112,0.0,0.0,0.010392835716350203,0.01073514056013867,0.17668402172701442,0.0017052702732449669,0.0
0.062004377188646674,0.0020624998503278153,0.04285901908114955,0.0257353910059853,0.03531350489358171,0.04912813732747111,0.0,0.09198552346160306,0.00126269548990334,0.0
0.06485651304686649,0.020374150453949667,0.0,0.08391662479980527,0.08961741138405473,0.0,0.020484193066386294,0.0,0.002453193105553843,0.04004528101755867
0.019708603068373985,0.0077066863414983556,0.012406484553940129,0.07541071543929777,0.04841922156088251,0.15749331134896377,0.015552782215193966,0.06668820240579895,0.0018470009273983373,0.0
0.03245428906166321,0.007180078778197681,0.038436664762971674,0.02935738473678657,0.0,0.0,0.0,0.09134293053649974,0.0,0.056189693715270335
0.02089676646704187,0.0,0.008303422914247686,0.014612092770784613,0.057633883176271945,0.0,0.004676493713966704,0.11638816690392079,0.0065479323137935695,0.0
0.10043033433170538,0.0,0.06589670798908435,0.000441643468829832,0.031117894190717952,0.0489527080503749,0.0,0.0013492340970355484,0.0,0.045631726653186745
0.02767873549135164,0.0,0.0,0.14565223939367858,0.0,0.0,0.0,0.14155085295528014,0.0002083255759872944,0.08487913326321248
0.029374198673546233,0.023969268244976902,0.0,0.05282197305724912,0.01223452073837203,0.0,0.0030296625721321813,0.16764904351689863,0.0,0.0
0.07358144319106676,0.0,0.0,0.09063368206299012,0.15127357759460494,0.0,0.0,0.0,0.0,0.0
0.0,0.006569054670872152,0.0,0.0,0.0,0.3066533901532819,0.06171965207366524,0.003854055679779723,0.0,0.0
0.11481237503151709,0.02318367696962636,0.04837013860274875,0.0,0.0,0.13248295806993493,0.0,0.048800668011661365,0.0021045169265535876,0.029866420171335784
0.04269933257651249,0.008882110567447886,0.024377676974114262,0.003635953766562432,0.0,0.0,0.011405271419955796,0.01166863807135887,0.0,0.192239579687878
0.06968475637715035,0.0,0.0,0.12359489900562974,0.006459476538987457,0.0008713171920494276,0.02209389357833703,0.13015597562005535,0.0,0.0
0.06421043535601764,0.007789850010250918,0.0,0.03507330191004553,0.0,0.008570858581482842,0.039673842727267206,0.008459230226000092,0.0014740513489076934,0.1928106894974215
0.0,0.0,0.0,0.0010852175975873434,0.17168148684058115,0.0,0.0,0.057668131240718665,0.0,0.0
0.09286759964774825,0.0,0.0,0.0,0.07883368926807383,0.0,0.010738165328372849,0.0,0.0,0.0018443201201864328
0.00048230288280678936,0.007695038326287833,0.04077119208701884,0.0,0.010599384353650668,0.0074326732125967725,0.3715417711942419,0.0,0.0030711999869219345,0.0002589781034826198
0.07593245552284732,0.0,0.01882459911720861,0.0,0.0,0.0,0.0,0.0029394677910720315,0.0,0.08727386766310685
0.08033284358631375,0.06379652990572553,0.0009038292106826078,0.0,0.09849297410395644,0.010208404996188015,0.0,0.015379651887582349,0.0,0.0
0.04800587354199811,0.02021628269241692,0.1058985788464076,0.0,0.0,0.01689644130337866,0.0,0.0,0.0006056506517089798,0.0
0.014116729049284902,0.020998563288228543,0.022411849782996682,0.010981746579202901,0.016636630621660344,0.01358842629048678,0.05285937372475947,0.029726777572521037,0.0009658818787530302,0.006284454439292442
0.048013228393002746,0.15851683243988585,0.0,0.0,0.050524956817176336,0.0,0.0,0.1161645790905254,0.0,0.0
0.0,0.0,0.0,0.0,0.0,0.0,0.28681151376647734,0.0,0.0005684279167881771,0.0
0.0,0.0,0.05481267466336629,0.0032193820278179483,0.008632478806585997,0.0,0.40692608897730526,0.029729703256674886,0.0,0.0
0.06815879144608387,0.0,0.010656069899059942,0.054754440642136144,0.013530189917626455,0.0,0.0,0.0,0.0,0.0
0.0278536364109548,0.0,0.0,0.08145923356880423,0.06798562273475976,0.0,0.02303792958165132,0.00730450053756285,0.0006963398340375823,0.0
0.08930610088058391,0.0,0.0309320201019008,0.0,0.0,0.0,0.0,0.00014853047117021533,0.0010842975016181298,0.06873531133641261
0.07301258903049258,0.0,0.013297161424416391,0.0,0.07486742389436297,0.05210945120456967,0.0004553144137809189,0.04060906794810772,0.0,0.0437307093891942
0.0757395739848267,0.014222132118717173,0.00517153765979368,0.01317275761274703,0.04610957660658736,0.021210998327057064,0.0,0.0,0.0036217880952010314,0.010951302072660275
0.10708933034404192,0.0,0.0,0.12461261303617191,0.07610442901077827,0.0,0.011922991753112152,0.0,0.0,0.005092134172371946
0.08109226748889664,0.0014222986827432539,0.009663667582634415,0.01010783132535643,0.006636899189037101,0.022645445578983982,0.024766206091621255,0.003587027690488534,0.0017468819341222215,0.027406402263857887
0.0,0.05038476552212916,0.0,0.015365086491358135,0.0,0.04774179140079533,0.03277163071785597,0.23162905777865248,0.0,0.0
0.01747570405674021,0.0,0.0,0.16043782015607752,0.01899012119723617,0.0,0.03109204947077234,0.007848225173011368,0.0008891997130494333,0.01967278062407987
0.18057380380577487,0.0,0.005462130306029949,0.04056736995087561,0.0,0.0,0.009141190782818,0.0,0.0001448684576814325,0.04403236798998632
0.11561795028007293,0.0,0.0,0.0,0.0,0.02256574616476701,0.0,0.008296496551850465,0.0,0.0
0.035736627318271756,0.0,0.007474245692051155,0.018181524724945837,0.0,0.0,0.014445257464881595,0.0,0.0028237702264991087,0.03170727216881531
0.020252163680686146,0.0,0.07042517743422776,0.04798589808966237,0.118574766129577,0.0,0.0,0.0,0.00013002427150381494,0.003853653183129663
0.010369439772674363,0.0,0.06231869711925181,0.0,0.10331811365137984,0.027787146773989344,0.0013702021105764803,0.0364881405362939,0.0,0.0
0.0,0.0,0.0,0.30711451806621076,0.017975666308797638,0.011460371647972594,0.013234790656921102,0.0035819292382925703,0.00020554500740459415,0.0
0.005092481948732807,0.0,0.0021539693819083113,0.04844352089861718,0.00740225385906916,0.0,0.007006653250073542,0.1638207029667863,0.006104195692336635,0.023365972831690732
0.02088803886785824,0.014799108295894444,0.0,0.0027269750647069906,0.0,0.0,0.0,0.3471620078575764,0.0,0.05209147589093291
0.015678451917631897,0.0,0.0,0.0008084598389720765,0.09917194790166108,0.026497399867089155,0.0,0.12274400216900952,0.000589162875539691,0.20437227063992408
0.06268110872901639,0.0,0.0,0.005307792744151827,0.069316475230584,0.0,0.0,0.13886857321607451,0.0008600706398358265,0.011105952208496412
0.04349176955414147,0.0,0.0,0.03350096822355637,0.025430180271871806,0.00975174418537246,0.0078295343433333,0.14365139699078797,0.002510159206852785,0.02106835021645201
0.0,0.0003659599317182948,0.007050232660906589,0.0112020352230344,0.0,0.0,0.01965930032018893,0.29612971269376576,0.001396566166091269,0.0
0.0,0.0,0.0,0.007904650339753416,0.0,0.00189442854042763,0.0,0.19819292754788786,0.0,0.0
0.0,7.560489843333823e-05,0.0,0.2534038843608289,0.0,0.0,0.0,0.0,0.0,0.0
0.0,0.0,0.0,0.03731863226132687,0.23539694130518826,0.0,0.0,0.0,0.0,0.0
0.028143165413662383,0.0,0.0,0.2614689551495886,0.0,0.0,0.0,0.027448330881912546,0.0,0.04776050129922541
0.08247858878723596,0.020072278410670857,0.0,0.0,0.043191087343977426,0.0,0.04247504293449223,0.0,0.0008096242790516568,0.0
0.027153681113963726,0.0,0.0,0.27139367673833,0.0,0.0,0.00397488460571329,0.019620394750284487,0.0,0.0
0.04222888912114813,0.0,0.01732544852431891,0.02278685229266741,0.2055290432749065,0.0,0.0,0.04264648661234074,0.0,0.0
0.05494332534178763,0.057997502461646394,0.011092794746384636,0.039541271446163734,0.10842918628003997,0.07058001791523112,0.008438244985675176,0.0,0.0016606541833297209,0.0
0.10832700634553417,0.07004887965168785,0.0,0.002123583774280238,0.04808457411872399,0.06220215326290504,0.04279395050543473,0.006810798016355286,0.0,0.0
0.12001433807414365,0.0,0.0,0.08576712087738976,0.0,0.0,0.0,0.009995268598747923,0.0,0.0
0.05704817764607362,0.04059562203251213,0.10859933551624752,0.0,0.045266827184009976,0.1411215168798414,0.0024861975560639574,0.04088241966919699,5.478220588126118e-05,0.0
0.07641383881538984,0.013628974234153745,0.0,0.002685343503832769,0.03953066430595148,0.025264145459979237,0.023464853052849018,0.0,0.0,0.04539144471023098
0.0,0.002896098148915995,0.029874320279685316,0.1388700780620833,0.09942736620768003,0.06016344340050206,0.0,0.04588194841311158,0.0010368861451287288,0.0830756666892416
0.0,0.0,0.027386137570137567,0.03529864588438925,0.20528859215393877,0.0,0.0,0.04458778940050461,0.0,0.0
0.034946060772352176,0.012495902955415162,0.0024395836350022677,0.01804780326331947,0.22633356412196087,0.0,0.014823707457922539,0.0,0.0010339292318120386,0.040987021535157
0.05575433276527226,0.0,0.0,0.0,0.14987342787507682,0.0,0.0,0.08872117553343059,0.0,0.0
0.0,0.03795169634255726,0.0016324577690097787,0.1574163283186022,0.10552837169555536,0.02066356531885253,0.0020347702234946464,0.030923184189233045,0.002555792310656084,0.07780464642387998
0.036671596721224095,0.07807730073355756,0.0,0.0,0.14203721612960865,0.0,0.01289510038803482,0.0,0.0,0.008812061358302798
0.0,0.0,0.021471642771422692,0.10554126516828222,0.16456659332592063,0.0,0.0,0.0,0.0,0.0
0.11552942088598642,0.11823047239367628,0.0,0.0,0.007261124263752005,0.04716382829820809,0.019692027348557375,0.08740071516142783,0.0026418706430073884,0.0
0.0,0.0,0.0047658280966728665,0.03645656550035116,0.15709439963762373,0.008413599952827543,0.0,0.015259454944651342,0.0,0.0
0.0,0.0042245810518357985,0.013782187451536818,0.03359376365510745,0.11397723424840207,0.07679384325091465,0.0057802661745162765,0.0,0.0003322375141863157,0.00042476969733800215
0.04056461823955262,0.007850634214702433,0.04070161912643814,0.026384147637370552,0.14785980961934023,0.0,0.0,0.06275035525972676,0.0,0.04156675547617856
0.06712292306444663,0.0,0.02375711787663955,0.0,0.03970845340840755,0.008279582833668305,0.0,0.008933355332720517,0.0,0.0
0.0,0.0023080533819858735,0.025644088979854294,0.04315823414833077,0.09309274742298455,0.0,0.0,0.04241308494763768,0.0,0.1877266181228951
0.0,0.0,0.0,0.06493953459673771,0.0,0.005623093147323351,0.027759754213805648,0.2692186976325026,0.0026779049266212294,0.013178911448237135
0.0,0.03657102271640227,0.0,0.04550074118753663,0.2501348129501556,0.0,0.0,0.0,0.0,0.09318092394351433
0.050866482975481755,0.0,0.009448917293539142,0.07862992144970837,0.11360288535059122,0.0,0.014878206797456245,0.06324613590365659,0.0003796059250421098,0.00558408523257476
0.010276274133558486,0.0,0.0,0.20409486578833227,0.0,0.0034610153825976445,0.0,0.0,0.0008211085518385024,0.0
0.0,0.0,0.0,0.24030392705525583,0.022363911430103647,0.022411740761820207,0.0,0.0,0.0,0.003439843815473066
0.03983435234076482,0.0,0.0,0.1794629664143925,0.045345961639036134,0.0,0.0,0.035023369735196326,0.0,0.0
0.017404352287334012,0.0,0.024963583139811323,0.1501183619938195,0.14010789230590295,0.022954862292115998,0.0,0.0,0.0,0.035124803902827045
0.0,0.0029665799056431226,0.012289179083061753,0.1719760191921778,0.1021321283434131,0.011934404356303678,0.0,0.0,0.0,0.013754679944907353
0.0034605163714901653,0.02579865223658233,0.08098924349336406,0.11663842630877336,0.014996362290789768,0.0,0.0,0.009100796223677493,0.0010895109881339184,0.0
0.11542011606195596,0.006193763301700283,0.03229136447662051,0.0,0.0,0.061678245711184326,0.03158527597910346,0.03138046667700145,0.0,0.002104047774392005
0.07316942786730288,0.010301116969504679,0.0005968566667834629,0.0,0.05179485364531196,0.044771538377368844,0.0,0.08402840228388508,0.0,0.0
0.04435689879353412,0.05328367306937255,0.07034711784570934,0.0,0.03432605860357708,0.04177539197763121,0.0,0.03441380433104836,0.0,0.039976062366734504
0.009109766486760868,0.07324234206740825,0.0,0.009260406071535091,0.02368593454492697,0.11941868897713956,0.0,0.18818916458399834,0.0,0.0
0.06762621216717526,0.026791620128530973,0.027941224537020182,0.02946860702412003,0.06488242793357175,0.01095594205641385,0.02414849924754587,0.0,0.0026284448058337007,0.10349451017826589
0.0,0.0,0.029518899208936553,0.040001029064539034,0.12910801900556781,0.12835713194176984,0.05724163470117422,0.00657333923783537,0.0,0.0
0.0026715577372189913,0.0,0.0071193610275307245,0.11388924050097891,0.01796293236242507,0.0,0.0,0.0,0.00164298348407467,0.09187862942149981
0.0,0.0,0.0,0.18294630922107954,0.05912209297063488,0.0,0.0,0.0,0.0,0.039802642450933345
0.0,0.0,0.003983456891829142,0.0,0.0,0.0,0.007942115963008693,0.26121436082308946,0.0,0.0
0.00930017338946447,0.056386538157302095,0.0,0.10492773501693461,0.0,0.0,0.0070412042972478345,0.0686018705320391,0.0001666672379953666,0.027526207757357347
0.0,0.0,0.019982695180000017,0.0,0.026358342767003308,0.0,0.3496587878726619,0.10096026152227626,0.0,0.012829525338286882
0.0014294153315050093,0.03538645553100028,0.0043914118274167475,0.00542273077349484,0.05211020775353593,0.021811459768735632,0.0698531733788716,0.22818051700265657,7.778564314581353e-05,0.01970517360124379
0.06317611733134014,0.0,0.03780975030059585,0.0,0.01326541856324927,0.008804318654627762,0.0,0.08052269720387302,0.0,0.0
0.04215539587570476,0.03413236770300261,0.0,0.0,0.12990759041303349,0.031383366322759586,0.0,0.1520280039922703,0.0,0.0
0.008793285873283128,0.0,0.051490989644645525,0.013822295760871213,0.0,0.0,0.1274975692408782,0.2022640329053742,0.0,0.015972228974575436
0.04992961606428644,0.0,0.0,0.013233090117992733,0.02495137807774272,0.0,0.21224842911605699,0.029288875363034723,0.0,0.036390021098672294
0.0,0.016765543439314422,0.01088324745390932,0.0,0.016622347124906508,0.0,0.15701517521107206,0.2656358038116214,0.0008896940365846127,0.0
0.0,0.0,0.0,0.10882570977158953,0.0,0.0,0.020267093669023892,0.17039157274012365,0.0,0.09057414948446932
0.09622742648500882,0.0,0.0,0.0,0.10578985488209275,0.0,0.0,0.021992832809776094,0.0,0.0
0.06433625052924316,0.0,0.11826635100355214,0.0,0.0,0.0,0.023371086028639916,0.0,0.0,0.053614614770207084
0.13420039619202317,0.0,0.010695368708006024,0.0,0.014967566727591865,0.0,0.0,0.00926001342743586,0.0,0.0
0.001643506724126138,0.0,0.0,0.001425627972590133,0.0,0.011468829461347498,0.14164892312938335,0.19471185879853534,0.00047604303411604424,0.0044529624652498425
0.0,0.02683057126311637,0.05387083041562885,0.17148820639626322,0.03151263007792461,0.013787664970890252,0.0,0.0,0.0,0.018301935812616788
0.08254366269328454,0.06361926816005412,0.0,0.044206687416469624,0.03587803733515472,0.11106603418765963,0.03043626460253534,0.03186546043242835,0.0,0.0
0.0,0.0,0.0,0.0,0.0,0.0,0.07770309120190544,0.15066913423279021,0.0,0.1622657238850568
0.00770650021693515,0.0,0.008533396935345623,0.0439108644830932,0.029456305851220728,0.0,0.0,0.12267492741120539,0.012033583434849383,0.006511779715454699
0.05000993217020989,0.0,0.0,0.10831830387668946,0.007528069641627647,0.0,0.028767690051904368,0.0,0.00012712663261304677,0.052870560889026995
0.0,0.08679467425020448,0.0,0.0,0.004952244296423113,0.012011795944560047,0.060026702141401364,0.15298432056395955,0.0,0.0
0.0,0.010260285739391896,0.0,0.02428230861708034,0.0,0.03137752032049258,0.04559736910588722,0.08834765102554683,0.0,0.036029415064106354
0.0,0.10478774907723483,0.03565340715018764,0.0,0.0,0.0,0.011987987311277846,0.10758041316056408,0.0,0.002934880821191748
0.06515377041845188,8.22224685903315e-06,0.0,0.0,0.008728060575994229,0.01928486484627101,0.04102600011057476,0.1879915667784658,0.0,0.011490070059889144
0.06953137420975619,0.11900194998912317,0.0,0.0067866186700885085,0.039664886683346424,0.0,0.0,0.14729033690080148,0.0,0.0
0.027028809955014763,0.08256070372128062,0.0,0.023705383344446464,0.018317734832742637,0.0,0.0,0.22710054161102372,0.00036090396515706086,0.06590776350195057
0.10677897229701296,0.0,0.0,0.1384577949703731,0.0,0.0,0.0,0.0,0.0,0.010368281536177764
0.04759566456826734,0.11809039805073376,0.0,0.0068433260451166746,0.11876562974514182,0.00328903256885568,0.016478624748447575,0.1408126734230051,0.0,0.0
0.0,0.0031236673502859943,0.0,0.005660692979990238,0.0019757863206090794,0.0,0.31275872721826636,0.04558871322403187,0.0025972004345418973,0.0
0.02314564475205717,0.0,0.0,0.21412455448567658,0.0,0.0,0.0,0.0,0.00199596319114441,0.04960891002964549
0.0,0.07097877081586294,0.007314386572685826,0.0602043184010487,0.04761493282001622,0.08089487540000372,0.030836308583097057,0.05700306857758752,0.0,0.023875110861687202
0.008046895477901097,0.0,0.1815923134631103,0.0,0.00039621428432423965,0.008399792482044787,0.05196275118102567,0.04702747490602665,0.0,0.0
0.023732752510236786,0.09506465725458527,0.0,0.00803467257154348,0.0,0.13536422454662492,0.08850777520203681,0.024367864929848642,0.0,0.008190123796538969
0.0,0.0,0.0,0.22198723191782951,0.0,0.0,0.0,0.0,0.0019282564661653072,0.04068017656118949
0.0,0.0,0.0,0.0,0.0,0.0,0.0,0.0,0.5341519178150943,0.0
