Cluster,Summary
0,"The documents discuss the development of the Energiø project in Bornholm, Denmark, focusing on the establishment of an offshore wind farm and associated infrastructure, including a high-voltage station. Efforts involve significant investments, partnerships, and consultations with local residents to address environmental and logistical concerns. The project aims to transform Bornholm into a center for green energy, create job opportunities, and ensure sustainable development. Additionally, compensation for affected neighbors and the integration of local labor are highlighted as critical issues. Overall, the project represents a substantial shift toward renewable energy in Denmark, emphasizing local engagement and ecological considerations."
1,"The collection of documents discusses advancements and challenges in the development of offshore wind farms and their integration into power grids, emphasizing the use of high-voltage direct current (HVDC) systems. It covers topics like the optimization of grid connections, control strategies for voltage and frequency stability, and the implementation of innovative technologies such as diode rectifiers and modular converters. The potential benefits of interconnecting offshore grids for efficient energy transmission, reduced costs, and improved reliability are highlighted, as well as the necessity for regulatory frameworks to support these initiatives within the context of increasing renewable energy capacity in Europe."
2,"The recent discourse surrounding the development of an energy island in Bornholm highlights significant economic and environmental concerns, particularly regarding the financial viability and potential impact on local communities. Critics argue that the projected costs, estimated at over DKK 31.5 billion in state aid, outweigh the benefits, prompting calls for reevaluation of project feasibility. Challenges include local opposition due to fears of property devaluation and ecological disruption. Furthermore, there is anxiety about securing adequate compensation for affected residents and ensuring the project enhances rather than diminishes the region's natural and economic landscape."
3,"The documents discuss the emerging developments surrounding offshore wind energy and the establishment of ""energy islands"" in Denmark and the North Sea. Various projects aim to create artificial islands connected to offshore wind farms for green hydrogen production, enhancing energy security and transportation. Partnerships among countries, including Denmark, Germany, and the Netherlands, are exploring collaborative strategies to facilitate these energy transitions, with significant investments planned. Challenges such as environmental impact, regulatory frameworks, and technological innovations are also highlighted, along with the necessity for local involvement and economic benefits through job creation."
4,"The documents discuss the development and implications of the proposed energy island in Bornholm, Denmark, which aims to generate sustainable energy through offshore wind farms. Key themes include technological advancements, economic impacts, community involvement, and political dynamics surrounding the energy transition. There is emphasis on attracting businesses, creating jobs, and ensuring local benefits while addressing environmental concerns. The documents also highlight the need for cooperation among stakeholders, the role of local government in facilitating projects, and the potential socio-economic changes that could arise from successful implementation of the energy island initiative."
5,"The recent Danish government's climate plan aims to reduce CO2 emissions by 19 million tons by 2030, emphasizing investment in renewable energy sources, including offshore wind and hydrogen production. The plan includes establishing two energy islands and promoting technologies such as carbon capture and storage. Additionally, there is a significant focus on electrification, enhancing energy efficiency in industry, transportation, and waste management. Despite the ambitious goals, there's concern over the reliance on upcoming technologies and the need for robust frameworks to ensure effective implementation and engagement with local communities."
6,"The documents discuss various aspects of Denmark's ambitious plans for renewable energy initiatives, particularly focusing on the development of energy islands in the Baltic Sea and the North Sea. Major elements include establishing offshore wind farms, creating interconnections for electricity distribution, and using innovative technologies like hydrogen production through power-to-x systems. Concerns about environmental impact, community engagement, and economic feasibility are highlighted, especially regarding the integration of large-scale projects while maintaining local interests. Additionally, discussions emphasize the importance of collaboration between public and private sectors to achieve sustainability goals."
7,"The development of offshor wind infrastructure in the North Sea aims to significantly enhance Europe's renewable energy capacity, targeting 300 GW by 2050. Key projects, such as the Energi Island and collaborations between countries like Denmark and Belgium, focus on integrating vast wind farm networks through advanced HVDC systems. These initiatives emphasize the importance of cross-border cooperation, standardized regulations, and new technologies to enhance efficiency and reduce costs. Furthermore, environmental and social considerations are critical to balance energy needs with ecological impacts, ensuring sustainable growth in the renewable sector."
8,"Recent reports indicate that Denmark's ambitious ""energiø"" (energy island) project, aimed at establishing a power hub in the North Sea harnessing wind energy, faces significant economic challenges. Initially expected to profit, analyses now suggest a deficit of DKK 31.5 billion, raising concerns over cost management and the viability of the project amidst fluctuating electricity prices. As negotiations progress, the project's scope includes plans for offshor wind farms and power-to-x facilities to produce green fuels and hydrogen. This initiative represents a broader strategy to achieve Denmark’s climate goals, but its future remains uncertain due to financial and infrastructural hurdles."
9,"The documents collectively emphasize the significance of energy transition, particularly through renewable sources like wind and solar, and the development of energy islands that focus on sustainability and reducing carbon emissions. They address the challenges of integrating fluctuating renewable energy into existing grids, the role of advanced technologies like quantum computing in optimizing energy systems, and the importance of regulatory frameworks in enabling efficient energy management. Additionally, themes of community engagement and the implementation of smart grid solutions are highlighted as vital for ensuring reliable and flexible energy supplies in the face of increasing global energy demands and climate change mitigation efforts."
